item_name	itemprice
"""סופר יודה"" שזיף 200"	19.9
'דבש לחיץ 503ג	26.0
'כוס קריסטל יהלום 50	8.9
'כפות שקופות 50יח	9.9
'כפיות שקוף עבה 50יח	9.9
100 כפית	14.9
12 נרות ג'מבו אדום +	5.9
18 יחידות ביצים | מו	21.13
200  גרםvalio-חמאה	21.9
Aussie Lemonadeמשקה	10.9
B&D חמאת בוטנים טבעי	18.9
BIO משקה סויה עם תות	8.9
CHIPS  וופל ציפס קרי	22.9
Dחלב 3% מועשר וויטמי	10.3
FUZE-T בטעם פירות יער ונענע זירו 1.5 ליטר	10.1
FUZE-T לימון נענע 1.5 ליטר	10.1
FUZE-T ענבים 1.5 ליטר	10.1
GO יוגורט יופלה תות	7.9
GOיוגורט יופלה  פירו	7.9
GOיוגורט סמיך 0.4% ק	7.9
GOמעדן חלב בטעם קרמל	7.0
Go משקה חלב וניל 340	11.5
"ICE נמס קלאסי 250 מ"""	10.9
OZ 4 כוסות- קרטון	6.9
PAM תרסיס שמן קנולה	21.9
POST דגני פרוטי פבלס	26.9
PRO לחם אנגל 500 גרם	24.9
SERA חציל קלוי על הא	17.9
TNX כביסה מרכך כביסה	26.9
TNX מרסס מנקה ריפודי	27.9
TODAY חטיף חלבון קרם	15.9
ULTRA משקה אנרגיה מו	10.9
Ultra Strawberry Zer	10.9
XL TEN משקה אנרגיה ב	6.9
"XL פחית 250 מ""ל"	6.9
XL פחית אפרסק משמש 2	6.9
XL פחית מנגו אננס 25	6.9
YOLO מעדן שוקולד חלב	6.1
YOLO מעדן שוקולד לבן	6.1
YOLO מעדן שוקולד מרי	6.1
YOLO מעדן שכבות שוקו	6.1
ZERO ספרייט 1.5 ליטר	10.5
ZERO פיוז טי אפרסק 1	10.1
ZERO קולה שישייה 1.5 ליטר	52.5
s m k kind sive	10.0
אבוקדו אס	39.9
אבקת אפיה 10 יח'	3.9
אבקת אפייה	5.9
אבקת הלבנה רן 350 גר	27.9
"אבקת כביסה מקסימה 1.25 ק""ג"	20.9
"אבקת כביסה מקסימה סנסטיב 1.25 ק""ג"	20.9
אבקת כביסה פרסיל קול	20.5
אבקת כביסה קולון 101	19.9
אבקת כביסה קומפקט מק	20.9
אבקת סוכר 100 ג' פרמ	5.5
אבקת סוכר נאמן	5.9
אבקת קקאו עלית 150 ג	16.5
אג'קס פרחים אדום 1.5 ליטר	25.5
אגוז מוסקט טחון	18.9
אגוזי 45 גרם	6.5
אגוזי מלך 200 גרם פי	23.5
אגוזי מלך שקית 150 ג	17.9
אדום חצי יבש אימפרשן	55.9
אובלטים אורגניים מקמח חומוס 100 גרם	13.9
אובלטים עם קימל 300	16.9
אוטלי משקה שיבולת שו	16.9
אוכמניות כחולות מוקפ	19.9
אול אין חטיף חלבו בט	14.9
אול אין חטיף חלבון ב	14.8
אול אין חטיף חלבון ו	14.9
אול אין חטיף חלבון ש	14.9
אולוויז תחבושות לילה	19.9
אולווייז אולטרה יום	22.9
אוראו וניל 176 גרם ב	12.9
אורז בסמטי חום מלא d	18.9
אורז בסמטי מובחר דאו	17.9
אורז בסמטי קלאסי סוג	16.9
"אורז יסמין סוגת 1 ק"""	13.9
אורז לסושי	17.9
אורז פרסי אחד אחד סו	14.9
אורז ריזוטו עגול סוג	13.9
"אטריות אורז 400 ג""ר"	12.9
אטריות אסם רחבות 400ג'	8.9
"אטריות ביצים 454 ג""ר."	13.9
אטריות ללא גלוטן ברי	19.9
אטריות מוכנות להקפצה 200 גרם	6.9
אטריות מקרוני עם גבי	14.9
"אטריות עגבניות 454 ג""ר."	12.9
אטריות שעועית סיניות	7.9
"אטריות תרד 454 ג""ר."	12.9
איולי שום לימון עללחם	20.5
אייס לי שלוקים 8 יח'	9.9
אינסטנט פודינג אסם בטעם ריבת חלב	6.9
איקרה ורודה מונטה קר	24.9
אל אמ פורוורד חפיסה	40.5
אל סבון כיף + משאבה 1ל' מגע כותנה	16.9
אל סבון פמילי 1 ליטר	18.9
אל.די אדום	37.5
אל.די ארוך	37.5
אלפרו משקה שיבולת שו	16.9
אלפרו משקה שקדים ללא	16.9
אלפרו משקה שקדים ללס	16.9
אלפרו.משקה שיבולת שו	16.9
אמזון רוטב חריף צ'יפוטלה	17.5
אנגל כוסמין וחיטה מל	19.9
אנרגי מאגדת מצופה טע	18.5
אנרגי מאגדת תחתית חל	18.5
אנרגי פריכיות חלבון	13.9
אסם אבקת רוטב פטריות	6.9
אסם אבקת רוטב צלי לב	6.9
אסם אטריות בינוניות	9.9
אסם אטריות דקות 400ג	9.9
אסם אטריות דקיקות 40	9.9
אסם אטריות קלאסיות 4	9.9
אסם אינסטנט פודינג ש	7.9
אסם בייגלה טבעות שומ	16.9
אסם בייגלה מקלות מלו	16.9
אסם בייגלה שטוחים עם	16.9
אסם בייגלה שטוחים שו	16.9
אסם בייגלה שמיניות ק	16.9
אסם גלי פטל צבעים טב	8.9
אסם גלי תות שדה צבעי	8.9
אסם חטיפי פריכונים א	10.9
אסם חטיפי פריכונים ט	10.9
אסם חטיפי פריכונים ת	10.9
אסם טוסטעים 100גרם	13.9
אסם מיני קרוטונים למ	18.9
אסם מרק עוף רכיבים ט	34.9
אסם נודלס אטריות מסו	13.9
אסם ספגטי 500גרם	7.9
אסם עוגיות שוקולד זה	10.9
אסם עוגיות שוקוציפס	15.9
אסם פודינג אינסטנט ו	6.9
אסם פודינג בטעם וניל	7.9
אסם פירורית פירורי ל	9.9
אסם פסטה מסולסלים אט	7.9
אסם פסטה צינורות איט	7.9
אסם פסטה קרניים בינו	7.9
אסם פריכונים מאורז מ	10.9
אסם פתי בר פינוקי ונ	16.9
אסם פתי בר קלאסי 500	15.9
אסם פתיבר שוקו 500גר	18.9
אסם פתיתים אפויים או	10.0
אסם פתיתים אפויים כו	10.0
אסם פתיתים אפויים קו	10.0
אסם קוסקוס אמיתי 350	10.0
אסם קטשופ בקבוק לחיץ	15.9
אסם קטשופ חריף 750גר	19.9
אסם קטשופ מופחת סוכר	15.9
אסם קרם קרקר 250גרם	11.9
אסם קרמוגית במילוי ק	16.9
אסם קרמוגית במילוי ש	16.9
אסם קרמוגית קרמל מלו	16.9
אסם קרקר זהב 150גרם	8.9
אסם קרקר קלאסי 250גר	11.9
אסם קרקר שומשום 250ג	12.9
אסם רוטב אלף האיים ל	17.5
אסם רוטב אסיאתי למוק	22.9
אסם רוטב ויניגרט לסל	17.5
אסם רוטב טריאקי 290מ	16.9
אסם רוטב פיצה 290מל	16.9
אסם רוטב קיסר לסלט 2	17.5
אסם רוטב שום לייט לס	17.5
אסם שקדי מרק רכיבים	14.9
אסקימו ענבים	3.5
אסקימו קרחון בטעם מש	3.5
אפונה וגזר	12.9
אפונה עדינה סנפרוסט	24.9
אפונה קטנה	12.9
אפונה קטנה OZ6 שלשות יכין	19.9
אפונת גינה 800 גרם ס	23.9
אפונת גינה יכין 550ג	12.9
אפיכל סירופ בטעם מיי	21.9
אפיכל סירופ בטעם שוק	21.9
אפיפיות בטעם שוקולד	13.9
אפרופו 100גרם	12.9
אפרופו 50גרם	7.9
אפרופו איטלקי 50גרם	7.9
אפרופו טיובס טבעות ב	7.9
אצבעות גבינה עמק 172	22.5
אצבעות מילקיניס מילק	12.9
אצבעות עמק 172 גרם	22.5
אצבעות פסק זמן במילוי וופל וקרם אגוזי לוז	12.9
אצבעות פסק זמן במילוי וופל וקרם חלב	12.9
אצבעות פסק זמן במילוי וופל וקרם קרמל מלוח	12.9
אצבעות שניצל ציפוי ש	47.9
אקדח בועות סבון-מיני	25.9
אקונומיקה סנו JAVEL	11.9
אקטיביה  3% 200גרם	5.5
אקטימל תות 16 יח'	39.9
אקס דאו ספריי גוף טמ	20.9
ארוחה בקטנה לאבנה עם	11.9
ארוחה בקטנה ציזיקי עם קרקרים 150 גרם	11.9
ארטיזנל לחם מחמצת חי	19.9
ארטיזנל לחם מחמצת כו	19.9
אריאל קפסולות לכביסה שמירה על הבד 41 יח'	68.9
אריזת זיקוקים 3X10יח	10.9
ארלה גבינת שמנת טבעי	19.9
ארלה גבינת שמנת עשבי	19.9
ארלה גבינת שמנת שום	19.9
באבל גאם 60גרם	9.9
באלי לבן 40 גר	125.0
באלי נטוראל 40 גר	125.0
בארכה בקטנה מאגדת ונ	17.9
בארכה טחינה 100% שומ	17.9
בארכה טחינה מעודנת 3	16.9
בארכה טחינה שומשום מ	20.9
בארכה טחנ.גולמית מעו	16.9
בארכה מיקס פינוקיות	17.9
בדין דפים למייבש כבי	24.9
בדין מרכך כביסה ורוד	29.9
בדין מרכך כביסה כחול	29.9
בהרט לבישול מיכל גדו	12.9
בוטנים אמריקאים סבבה	4.9
בוטנים קלויים 200 גר	10.9
בולגרית 16% פיראוס במרקם מעודן	31.2
בולגרית למריחה 5% טבעי 200 גרם.	19.9
בולגרית מעודנת 24% פ	31.2
בונבוניירה לינדור מי	49.9
בונבוניירה מרסי 250	35.9
בונבוניירה רושר אריז	39.9
בונזו ביסקויט עוף	22.9
בוראטה 28% גד 125 גר	26.9
בורגול סוגת 500 גרם	6.9
בורקס גבינה מעדנות 8	29.9
בורקס יפו גבינה 4יח*	23.9
בורקס פילו גבינה.	31.9
"בורקס פילו תפו""א."	31.9
"בורקס תפו""א מעדנות 8"	28.9
בזיליקום קטן	8.9
בייבי בל 100גרם  5 י	27.9
בייגל טוסט	4.9
בייגלה אורגני מקמח כוסמי	16.9
בייגלה אסם שטוחים עם מלח	6.9
בייגלה אסם שמיניות קטנות 80 ג'	6.9
בייגלה ארוך ארוך 150	10.9
בייגלה בתוספת שומשום	13.9
בייגלה דג דג מלוח 25	16.9
בייגלה מצופה בשוקולד	13.9
בייגלה מקלות 100 גרם.	5.9
בייגלה שמיניות גדולו	20.9
ביסלי בצל 200גרם	12.9
ביסלי בצל 55גרם	5.9
ביסלי ברביקיו 200גרם	12.9
ביסלי ברביקיו 55גרם	6.9
ביסלי גריל 200גרם	12.9
ביסלי גריל 55גרם	6.9
ביסלי כנפיים 60 ג'	6.9
ביסלי פארטי מיקס 150	13.9
ביסלי פיצה 200גרם	12.9
ביסלי פיצה 55גרם	5.9
ביסלי פיצה 70ג'	6.9
ביסלי פלאפל 55גרם	6.9
ביסלי ריבס 60 ג'	6.9
ביסלי שאטה לימון 60 גרם	6.9
ביסקוויט חלב עד חצות	19.9
ביסקוויט פתיבר וניל	14.9
ביסקויט בטעם קרמל לו	15.9
ביסקויט לוטוס 525 ג'	30.9
ביסקויט עד חצות לבן 200 גרם.	19.9
ביצי חופש תרייסר	18.9
ביצים M תרייסר - מוצ	13.0
ביצים אורגניות תרייס	28.9
ביצת הפתעה קינדר בוד	8.9
בירה 8.6 אורגינל 8.6	13.9
בירה גולדסטאר בקבוק	11.4
בירה גולדסטאר לא מסו	11.0
בירה גולדסטאר שישייה	40.9
בירה הייניקן בקבוק	11.5
בירה הייניקן בקבוק ח	13.1
בירה הייניקן פחית 50	15.2
בירה הייניקן שישייה	45.9
בירה טובורג 330 מל	10.9
בירה טובורג בקבוק חו	12.4
בירה טובורג פחית 500	12.5
"בירה מאלט נשר 330 מ""ל."	7.5
בירה מכבי 7.9%  פחית	10.9
בירה מכבי 7.9% בקבוק	11.4
בירה מכבי פחית 500 מ	9.9
בירה נשר מאלט בקבוק	11.5
בירה סטלה ארטואה בקב	12.9
בירה פאולנר בקבוק 50	16.5
בירה קורונה	12.9
בירה קרלסברג LUMA שי	50.9
בירה קרלסברג מארז שי	50.9
בירה קרלסברג פחית 50	13.5
בירה שחורה דיאט נשר	11.5
בירה שחורה נשר מאלט	35.5
בישקוטים בונומי 200	11.5
בכור בזיליקום	6.9
בכור לבבות קיסר	11.9
בכור סלנובה מהדרין	14.9
בכור תרד ניו זילנדי	14.9
בלו בנד עם מלח 200 ג	7.9
במבה 25 ג'	2.5
במבה 80ג'	7.9
במבה ביסלי בצל מיקס	7.9
במבה ביסלי ברביקיו מ	7.9
במבה במילוי קרם חלבה	7.9
במבה במילוי קרם נוגט	7.9
במבה גדול 80ג'	7.9
במבה מתוקה 30גרם	5.9
במבה קלאסי 200 גרם	14.9
במבה קלאסי 60גרם	6.9
במבה שמש 70ג'	7.9
בסיס להכנת קצפת ריצ'	9.9
בפלות בטעם לימון 200 גרם.	7.9
בפלות שוקולד 200 גרם	8.9
בצל חצי מטוגן דורות	15.9
בצל ירוק שדות בעמק	7.9
בצק לכיסונים מצונן עיגולים שימרית	20.9
"בצק עלים 1 ק""ג"	23.9
בצק עלים מעדנות  1 ק	27.9
בצק פילאס תורכי מעדנ	32.5
בצק פילו מוכן לאפייה	18.9
בצק פילו.	32.5
בצק פיצה קראסט שימרית 500 גרם	24.9
בצק פריך מלוח.	32.5
בקבוק נביעות 0.5 ליטר בטעם אפרסק	9.9
בקבוק פלורידה 12 יח'	8.9
בקבוק רוטב ברביקיו 3	18.9
בקבוק רוטב סויה סיני	18.9
בקרדי בריזר לימון לי	18.5
ברוקולי מוקפא 800 גר	29.9
ברי צרפתי צרפת גד  1	23.9
בריזר אבטיח בקבוק 27	18.5
בריזר משקה כוהלי מוג	18.5
ברילה ספגטי חיטה מלאה 500 גרם	16.9
ברילה ספגטי פנה טריקולור 500 גרם	19.5
ברנפלקס קרנצים 375 ג	30.9
"ברקן רזרב שרדונה 750 מ""ל"	55.9
"ג""ל כביסה מקסימה בני"	40.9
ג'חנון אפוי ציפור הש	24.9
ג'חנון בצק ציפור השר	19.9
ג'ל כביסה מקסימה ביו 3 ליטר	40.9
ג'ל כביסה מקסימה מרוכז לכביסה צבעונית 3 ליטר MIX WASH	40.9
ג'ל כביסה מרוכז פי 2	31.9
ג'ל מסיר כתמים לכביסה לבנה 2.75 ליטר -וויט קליה	33.9
ג'ל קולון 2.5 ליטר רגיל כחול	33.9
ג'לי בטעם פטל לימבו חלבי	3.5
ג'לי תנובה אפרסק	3.9
גבינה בולגרית 16% בש	31.9
גבינה בולגרית 5% בגביע 250 גרם צוריאל.	31.0
גבינה בולגרית 5% גד	31.9
גבינה בולגרית 5% מעו	31.9
גבינה בולגרית 5% פרו	36.9
גבינה בולגרית 5% קלאסית בגביע 250 גרם צוריאל.	31.0
גבינה בולגרית למריחה	23.9
גבינה בולגרית מעודנת	31.2
גבינה בולגרית פיראוס	31.2
גבינה בולגרית קוביות	30.9
גבינה בורסאן פלפל	23.9
גבינה במרקם שמנת סימ	13.9
גבינה חלומי גד  200	29.9
גבינה חמד פיראוס שקית 16% 250 גרם.	25.3
גבינה חצי קשה-צמות 25% שומן 200 גרם	15.9
גבינה טוב טעם 3% 250	15.5
גבינה כנען 5% שומן	31.9
"גבינה לבנה 3% בד""צ 250 גרם."	6.5
גבינה לבנה 5% 250 גר	5.81
גבינה לבנה 5% טעם זיתים 225 גרם.	7.9
גבינה לבנה 5% עם שמיר ושום 250 גרם.	7.9
גבינה לבנה 5% פיקוח	5.81
גבינה לבנה 9% 500 גרם.	13.9
גבינה לבנה עיזים 5%	25.9
גבינה לואשקירי 8 כשר	18.9
גבינה למריחה 3% 500 גרם.	13.9
גבינה למריחה 5% פיקו	11.62
גבינה למריחה 5% תנוב	5.81
"גבינה למריחה 9% בד""צ 250 גרם."	6.5
גבינה למריחה 9% תנוב	6.5
גבינה מוצרלה בייבי	21.9
גבינה מוצרלה נעם רכי	28.5
גבינה מוצרלה פרוסה ג	26.9
גבינה מוקצפת מסקרפונ	29.9
גבינה מותכת מון בלאן	14.9
גבינה מותכת משולשים 200 גרם 14% שומן	18.5
גבינה מותכת צוריאל 1	11.1
גבינה נעמה.	21.2
גבינה סקי 5%  פיקוח	11.62
גבינה סקי 5% פיקוח 2	5.81
גבינה עזים פירמידה 140 גרם שופ	30.9
גבינה עמק 15% פרוס 2	21.2
גבינה עמק 28% דק 200	21.2
גבינה עמק 9% לייט 40	38.5
גבינה עמק פרוס פתיחה	21.2
גבינה פטה כבשים 250	36.9
גבינה פטה כבשים 5% פ	35.9
גבינה פטה עיזים 200	36.9
גבינה צהובה 9% נעם 360 גרם דק דק	39.5
גבינה צהובה גלבוע פר	17.2
גבינה צהובה דק דק 15	23.8
גבינה צהובה דק דק 22	23.8
גבינה צהובה דק דק 28	23.8
גבינה צהובה דק דק 9% שומן 200 גרם.	23.8
גבינה צהובה טל העמק	26.5
גבינה צהובה עמק 28%	31.8
גבינה צהובה פרוסה 28% ואקום טרה 360 גר'.	31.0
גבינה צפתית 5% מיני	29.9
גבינה צפתית 5% מעודנ	19.9
גבינה צפתית 5% פיראו	20.4
גבינה צפתית מעודנת 5	20.4
גבינה קשה גוש חלב פר	18.2
גבינה קשה עמק 28% פר	36.9
גבינה קשה עמק לייט 9	23.4
גבינה ריקוטה גד 250	20.9
גבינה ריקוטה למריחה	15.9
גבינת ברי קולאז 125	27.9
גבינת גאודה מגורדת	30.9
גבינת גאודה נעם פתיח	27.3
גבינת גאודה פרוסות י	28.9
גבינת גלבוע 5% שומן	23.8
גבינת גרנה פדנו מגור	18.9
גבינת חלומי מחלב בקר	27.9
גבינת טבורוג כפרי 500 גרם צוריאל.	35.1
גבינת לאבנה 5% 250 ג	18.9
גבינת לאבנה 5% בשמן	20.9
גבינת לאבנה עיזים 5%	25.9
גבינת מוצרלה 22% 180	24.9
גבינת מוצרלה מגורדת 200 גרם.	19.9
גבינת ניו יורק מרקם	18.7
גבינת נעם נטול לקטוז	24.5
גבינת סימפוניה בצל מ	13.9
גבינת סימפוניה שום ש	13.9
גבינת עיזים 5% למריחה 250 גרם צוריאל.	22.7
גבינת עיזים גד עז גל	32.9
גבינת פדנו משולש 200	34.9
גבינת פילדלפיה שום ועשבי תיבול 12% שומן 150 גרם	17.9
גבינת פילדלפיה שמנה 27% שומן 150 גרם	17.9
גבינת צדר גד 210 גרם	30.9
גבינת קאשקבל 200 גרם	35.9
גבינת ריץ פרוסה 400	24.9
גבינת ריקוטה פרסקה 9	25.9
גבינת שמנת 16%גד 200	19.9
גבינת שמנת בטעם טבעי 5% 200 גרם.	16.1
גבינת שמנת זיתים 5% 200 גרם.	16.1
גבינת שמנת טבעי 5% 200 גרם מהדרין.	15.9
גבינת שמנת ניו יורק	19.9
גבינת שמנת נפוליאון	18.9
גבינת שמנת עם כמהין	19.9
גבינת שמנת ריבת בצל  24% ניו יורק	19.9
גודיז פרי אפרסק 300	34.9
גוואקמולי  אחלה 220	19.9
גוורצטרמינר אימפרשן	55.9
גולד צ'יפס זיג זג 1.	28.9
גולד צ'יפס קלאסי1.5	28.9
גולד ציפס אמריקאי 1.	28.9
גולדסטאר לא מסונן בק	11.1
גונסונס בייבי שמן 30	23.5
גזוז בטעם לימון ליים	7.9
גזר גמדי סנפרוסט	21.9
גזר דק דק 250 גרם שט	11.9
גחנון אפוי 750 גרם	32.9
גייקובס קפה נמס נטול	34.9
גייקובס קרונונג קפה	34.9
גל אורנים סנו	19.9
גל כביסה 1.5 ליטר כב	31.9
גלי בלי סוכריות גלי	14.9
גלידה בטעם קרמל ביסק	31.9
"גלידה וניל 500 מ""ל"	26.5
גלידה טופי קראנץ 500	26.5
גלידה ל'קרמריה וניל איטלקי 1.4 ליטר	27.9
גלידה ל'קרמריה פונטש בננה 1.4 ליטר	27.9
גלידה ל'קרמריה קוקילידה 1.4 ליטר.	27.9
גלידה ל'קרמריה ריבת חלב 1.4 ליטר	27.9
גלידה ל'קרמריה תותים בשמנת 1.4 ליטר	27.9
גלידה ניו יורק סופר	26.5
גלידה סנדויץ אוריאו	14.9
גלידה עוגת גבינה ותו	26.5
גלידה פיינט בצק עוגיות	26.5
גלידה פיינט נטפליקס	26.5
גלידה פיינט קפה	26.5
גלידה צינקי מונקי 50	26.5
גלידה קרם עוגיות 500	26.5
גלידה קרמיסימו מסטיג	28.9
גלידה קרמיסימו ריבת	28.9
גלידה קרמיסימו שוקול	28.9
גלידה שוקולד בראוניס	26.5
גלידונית קרמיסימו  1	56.9
גלידונית קרמיסימו 1/	56.9
גלידת שמנת שוקלד בלג	31.9
גלילי ופל במילוי קרם בטעם שוקולד	5.9
גמדים ארוחת בוקר תות	6.9
גמדים סקוויז  תות 10	6.9
גמדים סקוויז תות בננ	6.9
גמדים סקוויז תפוח וא	6.9
גמדים פאוץ סלט פירות	6.9
גרבר מחית מרק ירקות מעורבים 190ג'	8.5
גרבר מחית תפוח גזר מנגו 190ג'	8.5
גרגירי רימונים	19.9
גרגרי חומוס 380 טעם	8.9
גרגרי חומוס מבושלים	24.9
גרגרי חומוס מסעדות י	12.9
גרון הודו טרי ארוז	50.0
גריל עוף 120 גרם	18.9
גרישה 500 גרם	8.9
גרנה פדנו שבבים 100	21.9
גרנולה אגוזים חמוציות450	28.9
גרנולה לוז וקינמון 450 ג	28.9
גרנולה קרנצי שוקו דג	19.9
גרעיני אבטיח 200 גרם	16.9
גרעיני חמניה זריפה 4	24.9
גרעיני תירס מהשדה בלי תוספת סוכר יכין OZ6 שלשות	19.9
גרעיני תירס מתוק ליל	19.9
גרעינים בלי מלח 200	8.9
גרעינים חמניה 200 גר	8.9
דאב דאו ספריי אורי 1	19.9
"דאב מרכך רגיל 400 מ"""	19.5
דאו אקס ספריי גוף בל	20.9
דאודורנט  רול און נושם כחול	17.9
"דאודורנט ג'ל ג'ילט 75 מ""ל"	25.9
דאודורנט ספריי דאב טלקו	19.9
דאודורנט ספריי נושם סגול	20.9
"דאודורנט תרסיס טיטניום מטאל 180 מ""ל"	20.9
דבש דבורים טהור יד מ	24.9
"דבש טהור 1 ק""ג"	50.9
דבש טהור לחיץ 650 גרם פרחי בר	43.9
דבש יד מרדכי בקבוק ל	24.9
דג ריגה זהב שפרוטים	21.9
דגני בוקר בטעם קקאו פלינטסטונס	27.9
דגני בוקר האני נאט ציריוס שיבולת שועל 500ג'	25.9
דגני בוקר טריקס 480ג	29.9
דגני בוקר פיטנס פירות	28.9
דגני בוקר קיטקט 330ג	27.9
דגני בוקר שוגי בדצ 5	27.9
דגני בננה נאט סלקט	35.9
דגני האני באנצ'ס תות	27.9
דגני חיטה מלאה גרוסה שרדד	29.9
דגני סיני מיניס 500ג	29.9
דגני עוגי מופחת 20%	29.9
דגני פוסט גרייט גריי	29.9
דגני פיטנס שוקולד 37	28.9
דגני פיטנס שקדים ודב	28.9
דגני קראנץ רולס 450ג	29.9
דגני קראנץ שוקולד 50	29.9
דגני תירס  בטעם פריו	26.9
דובונים 100 גרם	12.9
דובונים 40גרם	7.9
דורות קוביות שום טרי	14.9
דורות שום כתוש טרי צ	25.9
דוריטוס בטעם גריל 55	5.9
דוריטוס בטעם חמוץ חר	5.9
דוריטוס בטעם טבעי 55	5.9
דוריטוס חמוץ חריף 18	12.9
דוריטוס טבעי 185 גרם	12.9
דיאט קוקה קולה 1.5 ליטר	10.5
דיאט קוקה-קולה בקבוק	10.2
דיימונד רדיד אלומיני	18.9
דלי אובלי 13 ליטר TO	23.9
דלי מטליות לנ.וחיטוי בניחוח אואזיס 250 יח TNX	27.9
דנונה ביו מולטי 200	5.9
דנונה בר דגנים שוקול	6.5
דנונה יווני  1.040	29.9
דנונה לייט אנד עוגת תפוחים 150 גרם	5.9
דנונה מולטי קולגן 200 גר	6.9
דנונה פירות יער 3% שומן 150 גרם.	5.9
דנונה פרו 20 גר ללא סוכר רול קינמון 200 גרם	7.4
דנונה פרו 20 גרם חלב	7.4
דנונה פרו 20 גרםללא	7.4
דנונה פרו 20 חלבון	7.4
דנונה פרו 20גר ללס ו	7.4
דנונה פרו 20גרם וניל	7.4
דנונה פרו 20גרם פירו	7.4
דנונה פרו 20גרם תות	7.4
דנונה פרו 21   0%  2	7.4
דנונה פרו 25  ללס בט	8.5
דנונה פרו 25 טבעי 21	8.5
דנונה פרו קרם לימון	7.4
דנונה תות 3% שומן 150 גרם.	5.9
דניאלה בטעם פירות טר	4.9
דניאלה תות בננה88גרם	4.9
דפי אורז מרובעים מאסטר שף 400 גרם	15.9
דפי אורז עגולים קוטר 16 מאסטר שף 400 גרם	15.5
דקניקים  סלסולי פסטר	21.9
דקניקים סלסולי כתף ב	21.9
דקניקים סלסולי סלמי	21.9
דקניקים סלסולי פסטרמ	21.9
האגיס מגבונים לחים ש	19.9
האגיס פרידום דריי 5+	48.9
האגיס פרידום מידה 5	48.9
האני באנצ אלמונד	27.9
האני באנצ רוסטד	27.9
האני באנצס פקאן 340	27.9
הבית עוגת דבש קלאסית	18.9
הבית עוגת שבת בראוני	22.9
הבית עוגת שוקולד 400	18.9
הבית עוגת שוקולד ציפ	18.9
הבית עוגת שיש 400גרם	18.9
הבית עוגת שמרים בריו	22.9
הבית עוגת תפוז 400גר	18.9
הד&שולדרס שמפו תפוח	28.9
היינץ מיוקטשופ 425 ג	21.9
היינקן מארז שישייה 0	43.9
הלחמניה לחמניות רכות	14.9
הלמנס אלף האיים לייט	18.9
הלמנס חרדל דיזון   3	18.9
הלמנס רוטב שום 300מל	18.9
המבורגר זהב זוגלובק	28.9
הפי-מרסס לאמבט 750 מ	22.9
הפריכיות הטעימות מתפ	6.5
הריבו גולדברס 70 גרם	10.9
הריבו האפי קולה 70 ג	10.9
הריבו וורמס 70 גרם	10.9
הריבו סאוור וורמס	10.9
השחר ממרח שוקולד פרו	14.9
וודקה סטולי בקבוק 70	83.5
וודקה רוסקי סטנדרט ב	81.9
וופל בלגי שוקו.	7.9
וופל לואקר שוקו חלב 250 גרם	21.5
וופל קריספ 325 גרם	28.5
וופל רושן בטעם  קקאו חלב	10.9
וורטר גליל 50 גרם	8.0
וורטר סוכריות טעם שוקולד ללא סוכר	13.5
וורטר סוכריות ללא סוכר בטעם קפה	13.5
ויטמינצ'יק לימון 1 ליטר	19.9
ויטמינצ'יק שקוף אפרסק 1 ליטר	18.9
ויטמינציק אננס 1ליטר	18.9
ויטמינציק ענבים 1ליט	18.9
ויטמינציק פטל 1ליטר	18.9
ויטמינציק תפוח 1ליטר	18.9
ויסקי גק דניאלס 700	152.9
וניש אבקה חדש ורוד 4	19.9
וניש אבקה חדש לבן 48	19.9
ופל מצופה שוקולד גרד	21.9
ופל סנדויץ קרם וניל	19.9
ופל קואדרטיני אגוז 2	21.5
ופל קקאו לואקר 175 ג	17.9
ופלים בטעם שוקולד על	19.9
ופלים שוקולד עלמה 20	6.9
ז'אוול אקונומיקה 2 ליטר.	15.9
ז'אוול ג'ל לניקוי אסלות	17.9
ז'אוול לניקוי סופר קרם	21.9
"זוג אג'קס חלונות 2*750 מ""ל"	35.5
זוג מברשות שיניים 360 אופטיק וייט	39.9
זוג מברשות שיניים אורל בי דליקייט וויט	19.9
זוג מברשת שיניים קולגייט	39.9
זוג נייר כסף ארוך	23.5
זוג שקיות אשפה ניקול	27.5
זוג תירס מתוק מבושל	16.9
זיווה סבבה	24.9
"זיקוק זוג 15 ס""מ בשק"	10.9
זית חרוזית קלמטה בית	18.5
זית ירוק גדול בית ה	15.9
זית סורי מבוקע בית	17.9
זיתי קלמטה עם גלעין	19.9
זיתים ירוקים אורגניי	22.9
זיתים מגולענים קלמטה	22.9
זיתים שחורים שלמים קלמטה ב.השיטה	18.9
זרעי צ'יה אורגנים 300 גר'-הרדוף	20.9
חגיגה אסייתית להקפצה	32.5
חדש עלי חסה בקופסא 2	12.9
חומוס אחלה 750 גרם	14.9
חומוס אחלה עם בצל מטוגן	16.5
חומוס גלילי אחלה 600	16.9
חומוס הבית להכנת חומ	12.5
חומוס הסדרה 50% טחינ	16.5
חומוס זהב מונטה קרלו	16.9
חומוס יום יום אחלה 125 גרם	6.9
חומוס סוגת 500 גרם	9.9
חומוס ענק 500 גרם	17.9
חומוס ענק יכין 550 ג	12.9
חומוס עשיר ב30% טחינ	16.5
חומוס עשיר ב40% טחינ	16.5
חומוס שלם יכין 560 ג	12.9
חומוס תטבילה אחלה 25	12.9
חומץ 1 ליטר יכין	8.9
חומץ בן יין אדום 500	19.9
חומץ טבעי 5% ליטר אסם	9.9
"חומר לניקוי מתכות ""ס"	31.9
חזה בקר זוגלובק דק ד	19.9
חזה הודו ברביקיו 330	36.9
חזרת 220 גרם אחלה	15.5
חטיף 1/5 קראנצי נייטשר ואלי-שבבי שוקולד.	23.5
חטיף אצות ים	32.9
חטיף באונטי 57 גרם	6.9
חטיף גרדנה אגוז	8.9
חטיף גרדנה שוקולד	8.9
חטיף דגנים לילדים עם שוקולד חלב	18.5
חטיף דגנים לילדים עם שוקולד לבן	18.5
חטיף דגנים סלים דליס	16.9
חטיף דגנים סלים דליס מצופה שוקולד חלב ואגוזי לוז	18.5
חטיף דגנים עם שוקולד חלב מהדורה מיוחדת	18.5
חטיף דגנים עם שוקולד מריר	16.9
חטיף וופל קינדר בואנ	7.9
חטיף חלבון  מקס ברנר	17.9
חטיף חלבון WIN מוס ק	14.9
חטיף חלבון WIN מוס ש	14.9
חטיף חלבון אול אין טבעוני בטעם קרמל קראנץ' 60 גרם	14.8
חטיף חלבון מקס ברנר	17.9
חטיף חלבון קראנציWIN	14.9
חטיף טוויקס לבן 46 ג	6.9
חטיף טורטינה חלב	8.9
חטיף כיפלי גריל 70 ג	8.9
חטיף כיפלי ציפסים 50	8.9
חטיף מרס 51 גרם	6.9
חטיף מרציפן	14.9
חטיף נוטלה בי רדי 22	6.5
חטיף נשנושים+סלק 200ג	16.9
חטיף סמרטיס מיני מארז	14.9
חטיף פוף טבעות קלאסי 40 גרם	6.9
חטיף פוף כוכבים בצל 40 גרם	6.9
חטיף פוף כוכבים גריל	6.9
חטיף פוף לבבות גריל	6.9
חטיף פוף לבבות קלאסי	6.9
חטיף פיטנס מולטיגריין מלח פלפל	7.9
חטיף פיטנס מולטיגריין עשבי תיבול	7.9
חטיף פיטנס מולטיגריין צ'ילי מעודן	7.9
חטיף פיתה קראנץ' בטע	14.9
חטיף פרה ממולדה 50 ג	7.9
חטיף קורני דגנים עם בוטנים מתוק מלוח 6 יח'	19.9
חטיף קורני סנדוויץ ש	19.9
חטיף קורני עם קוקוס 6 יח'	19.9
חטיף קורני שוקולד חל	19.9
חטיף קיט קט צ'אנקי חלב	5.9
חטיף קינדר שוקו בון	21.9
חטיף קראנצ פרה אגוזי	9.9
חטיף קראנצ פרה שוקול	9.9
חטיף קריספי עם מילוי שוקולד סלים דליס	18.5
חטיף קריספי עם מילוי תות סלים דליס	18.5
חטיף ריסס שוקולד לבן	8.9
חטיף שוקולד לבן בטעם יוגורט 120 גרם	15.9
חטיף שוקולד קליק נוגט שוקולד	7.5
חטיף שוקולד רושן ממו	7.9
"חטיף תפו""א ארנבונים"	7.9
"חטיף תפו""א דובונים גן חיות"	7.9
"חטיף תפו""א דובונים פיצה"	7.9
"חטיף תפו""א דובונים שמנת בצל"	7.9
חטיפי גרנולה קראנצי	22.9
חטיפי מיני קבנוס 120	17.9
חטיפי מרס מיני מיקס	31.9
חטיפי פיצה בתוספת זי	39.9
חטיפי פיצה מעדנות 65	39.9
חטיפי פריכונים אסם טורטיה חמוץ מתוק	10.9
חטיפי קורני בייס קוק	19.9
חטיפי תמר במילוי שקד	22.9
חיטה 500 גרם	7.9
חלב 1% קרטון פיקוח 1	6.85
חלב 3% קרטון מהדרין	7.28
חלב בבקבוק נטול לקטו	10.9
חלב בקבוק 1% מועשר 1	10.1
חלב בקבוק 3% מועשר 1	10.1
חלב דל לקטוז 2% בקרט	9.7
חלב טבעי 4% 1 ליטר ר	11.9
חלב טרי מהגולן 3% לי	7.28
חלב מועשר 3% בכד יטב	21.3
חלב מלא תנובה 3.5%-4% 1 ליטר.	10.9
חלב מרוכז הולנדי ויל	12.9
חלב נטול לקטוז 1.5 ל	16.5
חלב נטול לקטוז 2%  1	10.5
חלב נטול לקטוז 2%טרה	10.3
חלב נטול לקטוז מועשר	17.9
חלב עיזים 1 ליטר קרט	23.8
חלב עיזים מלא  4% בק	20.5
חלב קוקוס 250 מל	14.9
"חלב תנובה טרי 3% ""תנ"	7.28
חלה מתוקה ארוזה 500ג	19.9
"חלה פרוסה ""אנג'ל"""	13.9
חלה קונדיטוריה ארוזה	19.9
חלה קלועה אנגל 650 ג	8.6
חלה קלועה מתוקה פילס	17.9
חלה קלועה פילסברי	17.9
חלה רגילה אנגל 650 ג	8.6
חלומי 24% 200 גר	27.9
חליטת הגן הקסום	24.9
חליטת צמחים לימונית	24.9
חליטת תה צמחים הילול	24.9
חליטת תה צמחים פירות	24.5
חליטת תה צמחים קמומי	24.5
חמאה 82.5% רושן 200 גרם	14.9
חמאה FERMA 82.5%גרם 200	16.5
חמאה תנובה 200גרם מה	10.9
חמאת אגוזי לוז 200 גרם	29.9
"חמאת בוטנים לל""ס 300"	17.9
חמאת בוטנים סקיפי עם	25.9
חמאת בוטנים סקיפי קל	25.9
חמוציות 250 גרם קופס	19.9
חמוצים יפניים דלי מו	24.9
חמישייה קרחוני שרבט	11.9
חמישיית קרחוני שרבט אבטיח	30.9
חמשושים מפלצות	11.9
חסה לבבות	13.9
חספוסים אבטיח	7.9
חפיסה טריאה סאן פרל	37.9
חצאי זיתים ירוקים 19	15.9
חציל בטעם כבד  מונטה	23.9
חציל בטעם כבד אחלה 400 גרם	18.9
חציל במיונז אחלה 400	13.9
חציל מחנה יהודה  פיק	19.9
חציל סלוניקי 250גרם	18.9
חציל פיקנטי 400 גרם	15.9
חציל תאילנדי צילי 25	17.9
חרדל דיג'ון לחיץ 260 גרם	16.9
חרדל דיזון אקסטרא פו	17.9
חרדל דיזון גרגירים מ	27.9
חרדל עדין טומי שפופרת	17.9
חרדל תלמה 550 גרם	16.9
חרוזית ירוק בית השיט	16.9
חתיכות פילה דג הרינג מלוח מצונן 260ג'	24.5
חתיכות פילה הרינג בש	34.5
טבלאות שוקולד פרה סו	9.9
טבליות למדיח פיניש פאוור 72 יח בניחוח מרענן	69.9
טבליות פיירי למדיח כלים פלטינום 39 יח'	49.9
טבלת פררו רושר שוקול	20.9
טבלת שוקולד חלב מעול	19.9
טבלת שוקולד מריר  מקס ברנר בטעם תפוז עם פקאן	19.9
טבעול בורגר סנסשיונל	42.9
טבעול המבורגר טבעוני	42.9
טבעול המבורגר צמחוני 99 קלוריות	42.9
טבעול חטיפי תירס 657	42.9
טבעול כדורי בשר מן הצומח	42.9
טבעול מקלוני ירקות כתומים	42.9
טבעול נקניקיות וינר צמחוניות	42.9
טבעול נתחוני עוף טבע	42.9
טבעול סנסשיונל מינס	42.9
טבעול שניצל דק מן הצ	42.9
טבעול שניצל צמחוני 9	42.9
טבעול שניצל תירס 99	42.9
טבעול שניצל תירס ללא	42.9
טבעות בצל אריסטו	17.9
טבעות זיתי קלמטה 560 גרם	15.9
טבעות זיתים ירוקים ב	16.9
טבק  מרלבורו גולד חפ	104.0
טבק נקסט אוריג'ינל	106.0
טוויסט 28 גרם	6.5
טומי מיונז אמיתי 170	17.9
טומי צנצנת מיונז  31	18.9
טומי קטשופ מיונז בשפ	17.9
טונה SK בשמן 160 בטעם מעושן	9.9
"טונה SK בשמן 160 עם לימון ב""י"	9.9
טונה SK בשמן 160 עם פלפל חריף	9.9
טונה אינסלטיסימי ירק	22.5
טונה בשמן זית זוגות 160גרם ריו מארה	39.9
טונה בשמן פוסידון 10	7.9
טונה בשמן ריו מרה מא	31.9
טונה ויליגר בשמן140	24.9
טונה ירקות מונטה קרל	27.9
טונה סטארקיסט לאנץ בוקס אורז ברוטב פאדתאי 200ג'	19.9
טונה סטארקיסט רביעיו	25.9
טונה פוסידון בשמן 4*	24.9
טונה ריו מרה בשמן זי	31.9
טוסטעים חיטה מלאה	13.9
טוסטעים שומשום	13.9
טופו בזיליקום 300 גר	14.9
טופו גולמי וואקום 30	17.5
טופו ויילר 300 גרם	14.9
טופו טבעי 300 גרם אל	14.9
טופוטי ממרח על בסיס	27.3
טופי בטעמי פירות לוקיטוס 500 גרם	24.9
טורטיות 10 יח 700גרם	18.9
טורטייה 450 גרם  ויל	13.5
טורטייה 560 גרם  ויל	14.9
טורטינה אורגינל שישי	30.9
טורטית מגדים 40 גרם	6.5
טחינה אחלה 400 גרם	13.9
טחינה אל ארז 500 גרם	19.9
טחינה אל ארז בקבוק ל	19.9
טחינה גולמית 1קג אל ארז	38.9
טחינה היונה 450 גרם	19.5
"טחינה הר ברכה 1 ק""ג"	39.9
טחינה זהב מונטה קרלו	14.9
טחינה לבנה אחלה 400 גרם	18.9
טחינת הר ברכה 500גרם	21.9
טילון אוראו 68.5גרם	10.9
טילון אקסטרים מטבע ש	14.9
טילון אקסטרים ענק בר	14.9
טילון גולדה 115גרם	14.9
טילון מגנום לבן גליד	14.9
טילון סופר מגנום וני	14.9
טילון קורנטו קלאסיקו	41.9
טים טם מצופה שוקולד	26.9
טימין 20 גרם	10.5
טינקרבל	12.9
טיק טק פטל ולימון 40	10.9
טירמיסו 82 גרם	9.9
טישו לאף סופט צבעוני	19.9
טמפוני O.B סופר 32 י	28.9
טעמי 40 גרם	6.5
טעמי בייגלה 42 גרם	6.5
יוגוטה מרשמלו תות ונ	12.9
"יוגורט 4.5% 200 מ""ל."	4.2
יוגורט 4.5% בכד תנוב	23.5
יוגורט GO בנגיעת טעם	7.9
יוגורט GO סמיך 0% אפ	7.9
יוגורט GO סמיך 0% בנ	7.9
יוגורט GO סמיך 0% תו	7.9
יוגורט אוורירי GO עם	7.9
יוגורט אקטיביה עם פשתן וצ'יה	8.9
יוגורט אקטיביה שיבולת שועל ושזיף 150 גרם	6.9
יוגורט ביו  3% תנובה	4.2
יוגורט ביו 1.5% תנוב	4.2
יוגורט גו במרקם אוור	7.9
יוגורט גו טבעי נטול	7.9
יוגורט דנונה 0% טבעי	5.0
יוגורט דנונה 3% 200	5.0
יוגורט דנונה ביו 1.7	5.0
יוגורט דנונה דל לקטו	5.0
יוגורט דנונה יווני ל	4.5
יוגורט דנונה מולטי צ'יה 200 גרם	5.9
יוגורט דנונה פרו קרא	8.5
יוגורט יווני 10% מחל	24.9
יוגורט יופלה 3% עוגת	6.5
יוגורט יופלה GO	7.5
יוגורט יופלה GO אפרסק	7.9
יוגורט יופלה GO בטעם	7.9
יוגורט יופלה אננס 3%	6.5
יוגורט יופלה אפרסק 3	6.5
יוגורט יופלה דובדבן	6.5
יוגורט יופלה דיאט אנ	6.5
יוגורט יופלה דיאט אפ	6.5
יוגורט יופלה דיאט דו	6.5
יוגורט יופלה דיאט פי	6.5
יוגורט יופלה דיאט תו	6.5
יוגורט יופלה לבן 1.5	5.9
יוגורט יופלה קידס %1	16.9
יוגורט מולר מיקס פצפ	8.2
יוגורט מולר מיקס קלי	8.2
יוגורט מולר נטורל פק	8.2
יוגורט מולר סימפלי פרויט אפרסק 150 גרם.	7.2
יוגורט מולר סימפלי פרויט קיווי 150 גרם.	7.2
יוגורט מולר פרופ אפר	7.2
יוגורט מולר פרופ לימ	7.2
יוגורט מולר פרופ פיר	7.2
יוגורט מולר פרופ תות	7.2
יוגורט מוקצף מולר פר	6.9
יוגורט עיזים 2.8%  6	25.9
יוגורט עיזים 3.9% צוריאל 150 גרם	8.8
"יוגורט עיזים 500 מ""ל"	19.9
יוגורט עיזים לשתיה 5	18.6
יוגורט עם אפרסק 3% 150 גרם.	5.9
יוגורט עם אפרסק מופח	7.9
יוגורט עם דובדבן מופ	7.9
יוגורט עם תפוח מולטי קלוגן דל לקטוז דנונה	6.9
יוגורט פרו יווני בטע	8.5
יוגורט פרו יווני דוב	8.5
יוגורט פרו קראנצ במת	8.5
יוגורט קורנפלקס מולר	8.2
יוגורט קרם אגוזים מו	8.2
יוגורט תנובה נטול לק	6.1
יוגורטיה פרוסות גלידת יוגורט להכנת קינוח ביתי 4יח*100גר	29.9
יוגטה מקלות ממולאות	14.9
יוגטה מרשמלו ממתק מו	13.9
יוגטה שטיחים בטעם תו	14.9
יופלה 3% פירות יער בשמנת.	6.5
יופלה און טופ כוכבים 157 גרם	6.5
יופלה און טופ פצפוצים 157 גרם	6.5
יופלה תות 3%.	6.5
יטבתה פרו ארוחת בוקר	8.9
יטבתה פרו שוקולד אגו	9.2
יין דון חוליו מרלו 7	37.5
יין וינו לבן	28.9
"יין ישן נושן 750 מ""ל"	21.9
יין כרמל סלקטד סובינ	38.9
יין לבן חצי יבש ויזו	45.9
יין מוסקטו P.C 750 מ	49.9
יין סוביניון	49.9
יין סלקטד אמרלד ריזל	38.9
יין סלקטד מרלו 750 מ	38.9
יין סלקטד קברנה סובנ	38.9
יין קונדה ואלדמר בלא	41.9
יין רוזה ויזון 750 מ	45.9
יין תירוש ליטר אדום	22.9
יעה נצמד	9.9
כביסה גל כביסה בייבי	36.9
כבל ENERGY 1.5M USB	19.9
כדור מוצרלה פרסקה גד	15.9
כדורי דג פורל בסגנון קוויאר אדום	18.9
כדורי דג פורל בסגנון קוויאר שחור	18.9
כוכבי עוף 700 גרם מאמאעוף	47.9
כוס לשתיה בירה 330 מ	7.9
כוס קפה לדרך	12.9
כוס קריסטל	15.9
כוסברה שדות בעמק	5.5
כוסות -פלסטיק	7.9
כוסות קרטון 0 OZ5יח	18.9
כוסות קרטון 8 50 יח	7.9
כורכום טחון 150 גרם	18.9
כיסונים ממולאים בשר	35.9
כיף כף חלב מגדים 45	6.5
כיף תחליב רחצה מילק	15.5
כמוצרלה קשיו 200 גרם	28.9
כפיות 100יח	7.9
כפפות אלוורה M	10.9
כפפות ניילון שקוף 100 יח	6.9
כרוב אדום אחלה 250 גרם	10.9
כרוב אדום אחלה 400 ג	13.9
כרוב אדום במיונז מונ	16.9
כרוב וגזר	16.9
כרוב לבן 400 גרם שטר	12.9
כרוב לבן שום שמיר מו	17.9
כרוב ניצנים מוקפא 800 גר	28.9
כרוב סיני  מונטה קרל	16.9
כרוב קולסלאו   מונטה	16.9
כרובית 800 גרם	29.9
כרובית ארוזה יח' רמי	15.9
כריות יפניות אנטיבקט	14.9
כריות יפניות ניקול 6	14.9
כריות קירצוף	16.9
כרית יפנית סנו סושי	14.9
כרית ניקוי מיקרופייב	9.9
כתף בקר 300 גרם זוגל	39.9
כתף בקר מעושן טירת צ	44.9
ל.מ בלו 100PP חפיסה	40.5
ל.מ רד	40.5
לאבנה פיראוס 9% 500 גרם פיראוס.	27.9
לאנץ בוקס פסטה ברוטב	18.9
לאנצ בוקס אורז קינוא	18.9
לבבות דקל פרוסות 400	12.9
לבבות דקל שלמים 400	12.9
לבבות דקל שלמים במי מלח 220 גרם בית השיטה	12.8
לבנה 5% אסלית על בסיס יוגורט 500 גרם.	27.9
לואקר מקסי פרווה 200	21.5
לוף(כרישה) ארוז	9.9
לזניה פרפקטו 500ג'	19.9
לחם אחיד פרוס אנגל 9	10.05
לחם אנגל בסגנון אמרי	19.9
לחם אנגל חיטה מלאה 7	19.9
לחם בוטיק	19.9
לחם בריאות	13.9
לחם בריאות מחמצת כוס	15.9
לחם וויקנט	22.9
לחם מיוחד - צהוב מקמ	17.9
לחם מלא- כחול	17.9
לחם נבטי חיטה	23.9
לחם פשוט מלא 750 גרם	17.9
לחם קל מקמח שיפון מל	17.9
לחם קמח מלא קל בתוספ	19.5
לחם שיפון בתוספת גרע	19.9
לחם שיפון מחיטה מלאה	19.9
לחם שיפון עגול	19.9
לחמית אגוזים.	13.9
לחמית חיטה מלאה 250ג	12.9
לחמית חמישה דגנים 19	12.9
לחמית כפרית 190גרם	13.9
לחמית שיפון 230גרם	12.9
לחמניות ארוכות בסגנו	20.9
לחמניות כוסמין 6 יח	20.9
לחמניות להמבורגר 6 א	20.5
לחמניות קלות כוסמין שומשום במתיקות מעודנת (6 יחידות)	16.9
ליגורי ניוקי 400 גרם	12.9
ליון דגני בוקר שוקול	29.9
לילי אקסלוסיב קומפור	49.9
לילי לח קידס 56 דפים	12.5
לילי לח רביעייה	25.5
לילי צבעוני חמישייה	20.5
לימון בלאדי	20.9
לימון כבוש בלאדי ביט	18.9
לינדור טבלה מילק 100	28.9
לינדט לגרנד ואיט אלמ	39.9
לינדט לגרנד מילק הזל	39.9
לפתן אננס חתוך 850 ג	12.9
לפתן אפרסק ויליפוד	15.5
לפתן פירות ויליפוד	15.5
לקט אפונה וגזר מעדנו	22.9
לקט להקפצה פסטה פוזי	29.9
לקט למרק עוף סנפרוסט	28.5
לקט לסלט בסגנון אסיי	16.9
לקט לקוסקוס 800 גרם	28.5
לקט מסולסלים 350 גר	15.9
לקט נורמנדי 800 גרם	29.9
לקט ערוגות 450 גרם ט	14.9
לקט קטניות לחמין	28.5
לקקן בוכה 12 יח'	9.0
מאגדת 3 מעדן קפוא חל	29.9
מאגדת 8 יוגורט ביו תנובה 1.5%.	21.9
מאגדת 8 מילקי cake	22.9
מאגדת 99 חלבה שוקולד	35.5
מאגדת אוראו סנדביץ 6 יח	29.9
מאגדת גודיז שלגון אי	34.9
מאגדת גודיז תות שדה	36.9
מאגדת דלידל מיני סנדביץ 10 יח	39.9
מאגדת חטיף בוטנים FR	19.8
מאגדת חטיף דגנים תמר	19.9
מאגדת חטיף חלבה פיסטוק בארכה 7 יח	15.9
מאגדת חטיף פרוטאין ב	29.9
מאגדת חטיפי שוגי בטעם שוקולד	20.9
מאגדת חלבה בארכה ללא תוספת סוכר בטעם וניל	15.9
מאגדת טילון קורנטו 3	41.9
מאגדת טעמקור שוקו וניל 8 יח שטראוס	49.9
מאגדת לייט שישית שלגוני ר.חלב נסטלה	33.5
מאגדת לייט שישית שלגוני שוקו נסטלה	33.5
מאגדת מגנום שוקולד ש	37.9
מאגדת מיני מגנום קלא	37.9
מאגדת מיני מילקה קרמל 6י	35.5
מאגדת מיני סנדוויץ	36.9
מאגדת מיני קראנץ אלפחורס 5 יח	37.9
מאגדת מיני קראנץ וניל 5 יח	37.9
מאגדת מיני קראנץ עוגיות5	37.9
מאגדת מצופים שוקו בננה	33.5
מאגדת קוקומן פצפוצים	20.9
מאגדת קורנפלקס של אל	19.9
מאגדת קרחוני שרבט אי	35.9
מאגדת רביעייה פושאפ	29.9
מאגדת שוגי קורנפלקס	20.9
מאגדת שלגוני גלידל וניל עם שוקולד פיסטוק 5 יח*40 גרם	28.9
מאגדת שלגוני לה פרוטה תות 5 יח'	30.5
מאגדת שרבט לימון ופטל גומיגם	33.5
מאמאמיה פיצה זיתים ע	29.9
מאמאמיה פיצה מרגריטה	29.9
מאסטר קפה וונילה פחי	9.9
מאסטר קפה טירמיסו 24	9.9
מאסטר קפה לאטה 240 מ	9.9
מאסטר קפה קולומביאני	9.9
מאסטר שף מיונז לחיץ	16.9
מאסטר שף מיונז פטריו	16.9
מארז 4 סופר גמדים בננה 400 גרם.	13.9
מארז 6 יופלה טיוב וניל 348 גרם מהדרין	18.5
מארז 6 יופלה טיוב תות 348 גרם מהדרין	18.5
מארז 8 אקטיביה 1.5% מחיר מופחת	27.9
מארז 8 אקטימל בטעם תות בננה	22.9
מארז 8 יוגורט מתיקות מעודנת ללא סוכר וממתיקים	26.5
מארז 8 יופלה לבן 1.5%.	27.5
מארז 8 יח' אקטיביה 3%	27.9
מארז 8 מילקי שוקולד מהדרין.	24.9
מארז 8 מעדן דני שוקולד מהדרין.	19.9
מארז 8 משקה גמדים סלט פירות 864 גרם	21.9
מארז 8 משקה גמדים תות בננה 864 גרם.	25.9
מארז 8 סופר גמדים שמינייה 800 גרם.	23.5
מארז אלסבון כיף צבעו	21.9
מארז במבה אסם 10*25 ג'	21.9
מארז דנונה ביו 1.200	23.5
מארז דנונה ביו 1.7%	23.5
מארז דני לשתייה רביע	13.9
מארז הפסקת אוכל חלב	12.9
מארז הפסקת אוכל קוקומן כדורים וחלב וניל	12.9
מארז חטיף מרציפן נטו	34.9
מארז חטיף תמרים חמאת	22.9
מארז טורקי לדרך 168	24.9
מארז לחמניות (מהאגדו	17.9
מארז לחמניות דגנים	16.9
מארז ספרייט בטעם לימ	27.9
מארז פיתות תימניות	18.9
מארז קיווי ירוק ניוזילנד	44.9
מארז קפה טורקי 3*85	27.9
מארז רביעיית קוקה קולה 1 ליטר	30.9
מארז שוופס סודה נענע ליים 1.5 ליטר- רביעייה	16.1
מארז שוקו יטבתה 8 שק	24.9
מארז שלישיה מגבונים לניקוי כללי עם שמן אורנים	24.9
מארז שלישייה מגבוני טואלט לחים סופט	22.9
מארז שלישייה נייר טואלט מתכלה לילדים פרשוואנס	19.5
מארז שלישייה נייר טואלט מתכלה למבוגרים פרשוואנס	19.5
מארז תפוציפס 4X50	16.9
מברשת שיניים אקסטרה	18.5
"מבשם אוויר פרש הום נטול גז 350 מ""ל כביסת תינוקות"	17.9
מבשם בדים 500 מל ביץ קלאב TNX	22.9
מבשם בדים 500 מל לגו	22.9
מגב לריצפה עם מקל (	26.9
מגבוני בד ליטופים מארז חמישיה מבושם	26.9
מגבוני האגיס ללא בוש	19.9
מגבוני טואלט לח לילי	12.9
מגבונים לחים חמישייה מבושם בייבי כיף	25.9
מגבונים לניקוי ג'ט+חומץ מארז שלישייה	22.9
מגבונים לתינוק ללא ב	26.9
מגבות הפלא גליל כפול	24.9
מגבות נייר ניקול 6גלילים	14.9
מגבת נייר סנו סושי 6	15.9
מגה מקלות שומשום 150	10.9
מגש הכסף תבנית מאורך	12.9
מגש הכסף תבנית ענק	12.9
מגש כסף 5 יח	9.9
מגש כסף 9 יח	12.9
מוזלי בוטנים אגוזים ושקדים 850 גרם	26.9
מולר מיקס שקדים ובוט	8.2
מולר פרוטאין יוגורט2	8.2
מולר פרוטאין משקה חל	10.9
מולר פרוטאיןלייט יוג	8.2
מולר פרופ יוגורט עם	6.9
מולר פרופ מנגו 3%  1	7.2
מולר פרופ קוקוס ואננ	7.2
מוס שוקולד 75 גרם	9.9
מוסקט טחון 40 גרם	17.9
מוקה יטבתה בקבוק 1 ל	14.2
מזולה 250 גרם	12.9
מזולה בטעם חמאה 250 גרם	13.9
מחית (סקוויז) מנגו ו	6.9
מחית (סקוויז) תפוח ע	6.9
מחית עגבניות 690 גרם מאסטר שף	14.9
מחית עגבניות 700 גרם	16.9
מחית עגבניות ובזילקו	17.9
מחית תפוחי עץ טבעי א	18.9
מחית תפוחי עץ ללא סו	18.9
מטאטא פנימי רפידה	34.9
מטבוחה אחלה  400 גרם	13.9
מטבוחה יום יום אחלה 125 גרם	6.9
מטבעות שוקולד חלב 25	26.9
מטבעות שוקולד60%ללתס250	32.9
מטבעות שוקולד70%מריר250	32.9
מטליות זיג זג לניקוי	19.5
מטליות לחות בניחוח מ	14.9
מטליות לחות לניקוי פ	23.5
מטליות לחות לריצפה ב	14.9
מטליות לחות שלישייה	24.9
מטליות לניקוי כללי ב	14.9
מטליות לניקוי כללי בגליל סנו סושי	25.9
מטליות לניקוי רצפה ב	14.9
מטליות מיקרופייבר לרצפות 2 יח TNX	25.9
מטליות סנו סושי 9 יחידות	14.9
מטליות סנו רהיט	24.0
מטליות רב שימושיות ל	14.9
מטלית הפלא לריצפה זו	19.9
מטלית מקרופיבר אנטיבקטרי	14.9
מטלית רצפה מיקרופייבר עם חור למגב סנו סושי	20.9
מטריות וקסמן 32 יח'	3.5
מטרנה מחית בננה פאוץ	7.9
מטרנה מחית סלט פירות פאוץ	7.9
מטרנה מחית תפוח פאוץ	7.9
מטרנה מחית תפוחי עץ	6.9
מי נביעות +בטעם אפרס	10.9
מי נביעות +בטעם ענבי	9.9
מי נביעות +בטעם תפוח	9.9
"מי סודה טמפו 275 מ""ל"	5.9
מי סודה שישייה בקבוק	21.5
"מי עדן 500 מ""ל ספורט"	4.9
מי עדן בקבוק 1.5 ליט	5.0
מי עדן בקבוק אישי שי	18.7
מי עדן סודה 0.5ליטר שישייה	16.9
מי עדן שישייה בקבוק	18.7
מי פה אופטיק וויט קו	29.9
מי פה פלאקס ללא אלכוהול קולגייט	28.9
מיונז אמיתי תלמה 500	14.9
מיונז היינץ כשלפ 420	13.9
מיונז הלמנס 394 גרם	16.9
מיונז הלמנס לייט 424	16.9
מיונז מאסטר שף	14.9
מייק&אייק מגה מיקס ח	13.9
מילוי מבשם אויר אוטומטי היער הקסום	24.9
מילוי מיכל גז CQC עד 60 ליטר	59.9
מילקה אוראו 100 גרם	9.9
מילקה אקסטרה קקאו 90	9.9
מילקה ביגלה 67 גרם	14.9
מילקה ביסקויט 150 גר	18.9
מילקה וואפל במילוי ק	18.9
מילקה מוו 200 גרם	18.9
מילקה ש	9.9
מילקה שוקו	9.9
מילקה שוקולד 100 גרם חלב עם דאיים	9.9
מילקה שוקולד חלב	9.9
מילקה שוקולד חלב אור	9.9
מילקה שוקולד לבן 90ג'	9.9
מילקי בטעם מעדן הגול	3.9
מילקי בטעם שוקולד בל	3.9
מילקי וניל 133 גרם	3.5
מילקי טופ מגולגלת 14	5.7
מילקי טופ עדשים 147ג	5.7
מילקי טופ קורנפלקס מ	5.7
מילקי מיני שוקולד	2.5
מילקי פי 2 קצפת 107	3.9
מילקי שוקולד 133 גרם	3.5
מילקי שכבות בטעם דאב	4.3
מילקי שכבות בטעם שוק	3.9
מילקי שכבות בטעם שוקולד לבן ופיסטוק	4.3
מילקי תות 133 גרם	3.5
"מים מינרליים  500 מ"""	6.2
מים מינרליים אוויאן	12.9
מים מינרלים בורגומי	12.9
"מים נביעות 500 מ""ל פ"	5.2
מים נביעות TO GO  שי	19.9
מים נביעות בקבוק 1 ל	6.9
מים נביעות פקק רגיל	5.2
מים נביעות שישייה בק	20.9
"מים סן בנדטו 500 מ""ל"	17.9
מים סן בנדטו בקבוק	7.3
מים סן בנדטו מוגז 1.	26.5
מים סן בנדטו מוגז עד	17.9
מים סן בנדטו שישייה	21.9
מים עין גדי שישייה 2	14.9
מיני בורקס גבינה מעד	34.9
מיני בורקס תפוחי אדמ	31.9
מיני ברוקולי 600גר	21.9
מיני טורטית שקית 391	34.9
מיני כרובית סנפרוסט	21.9
מיני מדלן 175גרם	16.9
מיני מדלן עם פצפוצי	16.9
מיני מלפפון	12.9
מיני פינוקיות בראוני	16.9
מיני קרקר עגול 350 ג	14.9
מיץ אשכוליות אדומות	19.9
"מיץ ליים משומר 200 מ""ל סיציליה"	12.9
מיץ לימון טבעי יד מר	12.9
מיץ לימון לתיבול 1 ל	9.9
מיץ לימון משומר לימו	9.9
"מיץ לימונענע 400 מ""ל"	14.2
מיץ ענבים תירוש לבן 1 ליטר	22.9
מיץ תפוזים וגזר 1 ליטר	24.9
מיץ תפוזים סחוט 100% 2 ליטר	32.9
מיץ תפוזים סחוט 2 ליטר	34.7
מיץ תפוזים סחוט פריג	21.0
מיץ תפוזים סחוט פרימ	24.9
מיץ- לימון	12.9
מיקס גבינות מוצרלה ס	34.5
מיקס חצי חצי מיני כיף כף ופסק זמן	37.9
מיקס מעורב מגדים 390	37.9
"מירינדה בקבוק 500 מ"""	7.9
מירנדה 1.5 ליטר בטעם	7.5
מלבי חלבי 165 גרם	9.9
מלבי מעדן חלב גד 170	9.5
מלבי שמנת עדן קינוחים 150 גרם	9.9
מלבק ויזון 750 מ''ל	45.9
מלווח 700 גרם	25.9
מלווח תימני ציפור הש	14.9
"מלח בישול 1 ק""ג פיקו"	2.09
מלח הימלאיה דק 500 גרם	22.9
מלח הימלאיה דק מלחיי	13.5
מלח ים יבש 250 גרם	6.9
מלח ים יבש 500 גרם	9.9
מלח לימון	18.9
מלח לימון טעם וריח 8	9.5
"מלח עדין צנצנת 1 ק""ג"	12.9
מלח שולחן מעולה דק 1	2.09
מלפפון בחומץ	15.9
מלפפון מיני	12.9
מלפפונים בחומץ 17-13	14.9
מלפפונים בחומץ 7-9 ב	10.9
מלפפונים בחומץ בית ה	15.9
מלפפונים במלח  7-9 ב	10.9
מלפפונים במלח 17-13ב	14.9
מלפפונים במלח 18 -25	15.9
ממחטות אף קלינקס חמישייה	21.9
ממחטות טישיו לילי צב	14.9
ממחטות טישיו קלינקס	14.9
ממרח איולי שום עללחם	20.5
ממרח ארטישוק	18.5
ממרח בטעם חמאה אורגני חמאה טבעונית	22.9
ממרח היינץ מופחת צנצ	17.9
ממרח היינץ צנצנת 460	17.9
ממרח זיתים ירוקים	17.9
ממרח חלבה אלמנדוס 35	18.9
ממרח חלבה עשיר 350גר	17.9
ממרח לורפאק בלי מלח 500 גרם	36.5
ממרח לורפאק עם מלח 500 גרם	36.5
ממרח לורפק ללא מלח 2	22.9
ממרח לורפק ללא מלח מ	22.9
ממרח לורפק עם מלח 25	22.9
ממרח לורפק עם מלח מו	22.9
ממרח סויה 9% בטעם טב	12.9
ממרח פלפל צו'מה	17.9
ממרח פסטו איטלקי	17.9
ממרח פסטו ביתי עללחם	19.9
ממרח קארי ירוק 400 גרם כשר	23.9
ממרח קארי צהוב 400 גרם כשר	23.9
ממרח קרמל לוטוס 400 גרם	26.9
ממרח שוקולד השחר 500	15.9
ממרח שוקולד נוטלה	21.9
ממרח שוקולד נוטלה 75	37.9
"ממרח שוקולד פרה מגדים בד""ץ 500 גרם"	18.9
ממרח תמרים 450 גרם	7.9
ממתיק סוכרזית פטנט 7	22.9
"ממתק חמוץ מקלות בטעם מעורב בד""ץ"	7.9
ממתק מברשת + משחת שי	9.9
ממתק צמר גפן ורוד	3.5
ממתק תות ענבים בצורת	7.9
ממתק תות שדה בצורת מ	7.9
מנגולד שדות בעמק	8.9
מנה חמה ווק אורז בסג	15.9
מנה חמה מרק בסגנון ט	17.9
מנה חמה מרק בסגנון ר	17.9
מנה חמה נודלס אטריות + ירקות טעם עוף	9.9
מנה חמה נודלס אטריות +ירקות בטעם בקר	9.9
מנה חמה נודלס בטעם פיקנטי	9.9
מנה חמה נודלס+ירקות	9.9
מנה חמה ספגטי בולונז	9.9
מנה חמה פירה.וירקות	10.9
מנה חמה פסטה ברוטב פיצה	9.9
מנה חמה פסטה עם עגבניות	9.9
מנה חמה קוסקוס וירקו	9.9
מנטוס מסטיק ויטמינים	14.9
מנצ'יס 200 גרם פיצוח	11.9
מנצגו פרוס150 גרם גד	29.9
מנקה אסלות 00 סנו 1	9.9
מנקה כללי אנטיקאלק	19.9
"מנקה רצפות 2 ליטר ""פ"	29.9
מנת השף-מרק עם נודלס.	8.9
מסבחה פטרוזיליה מונט	16.9
מסבחה פיקנטי מונטה ק	16.9
מסטיק אורביט בקבוקון	14.9
מסטיק אורביט וויט פי	15.9
מסטיק אורביט תות בקבוקון הסדרה הצבעונית	14.9
מסטיק בטעם פירות יער	14.9
מסטיק בקבוקון פיור ד	14.9
מסטיק בקבוקון פיור ע	14.9
מסטיק בקבקון מ.מתוקה	14.9
מסטיק מאסט בזוקה ציק	13.5
מסטיק מאסט מנטה עדין	6.5
מסטיק מאסט קוביות בז	13.5
מסטיק מאסט קוביות ספ	13.5
מסטיק מאסט קוביות פפ	13.5
מסטיק מנטוס וויט מנטה	14.9
מסטיק מנטוס מנטה בקב	14.9
מסטיק מנטוס פיור מנט	14.9
מסטיק מנטוס פיור פרש	14.9
מסיר כתמים 500 מל TN	26.9
"מסיר כתמים אוקסיג""ן"	22.9
מסיר שומנים 750 מל ס	18.9
מסיר שומנים פורטה פל	19.9
מעדן ארבע פירות סן ד	24.9
מעדן דיאט שוקולדה 0% תנובה	5.2
מעדן דני וניל.	3.5
מעדן דני שטראוס.	3.5
מעדן דניאלה בננה 88 גרם	4.9
מעדן דניאלה גבינה ונ	4.9
מעדן דניאלה גבינה תו	4.9
מעדן הגולן בטעם טופי	3.5
מעדן הגולן וניל 125	3.5
מעדן הגולן שוקולד  1	3.5
מעדן הגולן שוקולד מר	3.5
מעדן חלב 3% עם אורז	9.5
מעדן חלב גו בטעם וני	7.0
מעדן חלב גו בטעם שוק	7.0
מעדן חלב מועשר בחלבו	7.3
מעדן יולו שכבות שוקו	6.1
מעדן מילקי 26% פחות סוכר	3.5
מעדן משמש	24.9
מעדן סויה GO 20 גרם	6.9
מעדן סויה בטעם שוקול	5.2
מעדן סויה ביו בטעם ו	5.8
מעדן סויה גו 20 גרם חלבון במתיקות מעודנת 200 גרם	7.5
מעדן סקי וניל-בודד 125 גרם.	5.5
מעדן פירות יער  ברטה	18.9
"מעדן פרילי חלב תנובה תות 125מ""ל."	5.6
מעדן קרלו שוניל.	4.1
מעדן שטראוס בטעם שוקולד דיאט	3.9
מעדן שטראוס דיאט שוקולד מריר 0.5%	3.9
מעדן שיבולת שועל וחל	9.5
מעדן שקדים בטעם אגוז	5.5
מעדן תות שדה ברטה 28	18.9
מעדן תות שדה סן דלפו	24.9
מפיות אירוח ניקול	11.5
מפיות נייר סנו סושי	11.9
מפת שולחן אלפא	12.9
מק אנד ציז מגורר מוצ	28.9
מקופלת 25 גרם	6.5
מקל טופי פיזרס	2.5
מקלוני אורז 300 גרם	10.9
"מקלוני אורז דקים 400 ג""ר"	13.9
מקלות לאוזניים בלונס זוגות 400 יחידות	14.9
מקס ברנר טבלת שוקולד	24.9
מרבה עוגיות מצופות ש	13.9
מרגרינה בטעם חמאה לאפייה ובישול שימרית	7.9
מרגרינה בטעם חמאה מח	7.9
מרכך כביסה בדין בייב	23.5
מרכך כביסה ביבי	20.9
מרכך כביסה מקסימה So	20.9
מרכך כביסה מקסימה מר	20.9
מרכך כביסה מקסימה סו	20.9
מרכך כביסה מקסימה סופר מרוכז 1 ליטר	20.9
מרכך כביסה מקסימה סופר מרוכז סנסטיב 1 ליטר	20.9
מרכך כביסה מרוכז	20.9
מרכך כביסה מרוכז בייבי מקסימה 1ל' בתוספת שיבולת שועל	19.9
מרכך כביסה מרוכז מקסימה FLORAL TOUCH 1 ליטר	20.9
מרכך כביסה מרוכז מקסימה GENTELE BREEZE ליטר	20.9
מרכך כביסה מרוכז מקסימה ביו 1 ליטר	20.9
מרכך כביסה סופר מרוכ	22.9
מרכך כביסה סופר מרוכז אמור 900 מל TNX	22.9
מרכך כביסה סופר מרוכז בייבי לאב 900 מל TNX	26.9
מרלבורו דאבל פיוז'ן יחיד	38.0
מרלבורו סאמר ספלאש	38.0
מרסס אקונומיקה מבושמ	17.9
מרסס כביסה מסיר כתמים אוקסיג'ן  power	22.9
מרסס למשטחים 99% משמ	20.9
מרסס לניקוי נירוסטה	17.9
מרסס קצף מסיר שומנים	17.9
מרציפן חלה	13.9
מרק בטעם עוף אסם 1 קג	20.9
מרק טעם עוף אסם 400ג'	25.9
מרק נמס בכוס פטריות	10.9
מרק עוף אמיתי אסם 400ג'	28.9
מרק עוף אמיתי לתיבול	29.9
מרקיות צלחות	7.9
"משחת שיניים אדומה ""ק"	16.9
משחת שיניים סנסודיין הלבנה	26.9
משחת שיניים עם פלואו	26.0
"משחת שיניים קולגייט 2*100 מ""ל ביטיוב"	26.5
משחת שיניים קולגייט מקס פרש פחם	17.9
"משחת שיניים קולגייט סמיילס ברבי 50 מ""ל"	16.9
משחת שינים קולגייט טוטאל 100 גרם	22.9
משמיד חרקים K300 סנו	26.9
משפחתית מיני טעמי	37.9
משקה GO בטעם קפה אגו	11.5
משקה אורז אורגני 1 ליטר	17.9
משקה אורז אורגני ויט	17.9
משקה אורז ושקדים ויט	6.9
משקה אייס קפה יטבתה	8.9
משקה אלפרו חלב שקדים	16.9
משקה אלפרו ש.שועל בט	14.9
משקה אנרגיה XL TEN	6.9
משקה אנרגיה XL פחית	6.9
"משקה אנרגיה לל""ס נענ"	6.9
משקה אנרגיה מונסטר מ	10.9
משקה אנרגיה רד בול	8.9
משקה אקטיביה תות 1.2	6.9
משקה בננה יטבתה 1 ליטר מהדרין.	14.2
משקה בריסטה שיבולת ש	16.9
"משקה דנונה פרו 20 לל""ס וניל עוגיות"	9.1
משקה חלב בננה פקק ספ	6.9
משקה חלב נטול לקטוז	14.4
משקה חלב עם קקאו 1.5	16.9
משקה חלב צמר גפן מתוק	14.9
משקה חלבון GO קולגן אייס קפה 340 מל	11.5
משקה טרופי קש בטעם ע	2.9
משקה יוגורט איירן בל	13.9
משקה יוגורט אקטימל מ	23.9
משקה יוגורט אקטימל ת	23.9
משקה יוגורט בננה מנג	7.9
משקה יוגורט גו בטעם	15.9
משקה יוגורט גו לייט מנגו אננס	8.7
משקה יוגורט דנונה תו	6.5
משקה יוגורט יופלה טר	7.5
משקה יוגורט יופלה תות מלון בבקבוק 250 גרם	7.5
משקה יוגורט לאסי מנג	18.5
משקה יופלה בננה ותות	16.9
משקה יטבתה פרו וניל	9.2
משקה יטבתה פרו קפה 3	9.2
"משקה מי קוקוס 500 מ""ל"	14.9
משקה סאפה אלוורה אפר	10.5
משקה סאפה אלוורה ענב	10.5
משקה סאפה אלוורה תפו	10.5
משקה סויה  אלפרו ללא	16.9
משקה סויה GO אגוזי ל	13.9
משקה סויה אלפרו 1ל	16.9
"משקה סויה גו קפה 500 מ""ל"	13.9
משקה סויה ללא תוספת	13.9
משקה סויה מועשר בסיד	12.9
משקה סויה מועשר מופח	13.9
משקה סויה על הבוקר ו	13.9
משקה סויה שוקו	16.9
משקה פירות הדר בתוספת ויטמין C פרימור	19.9
משקה פרו קפה ללס יטב	9.2
"משקה צזיקי 500 מ""ל"	15.5
משקה קפה קר   חזק 1.	9.9
משקה קפה קר   קלאסי	9.9
משקה קפה קר  מעודן 1	9.9
משקה קפה קר שיבולת ש	9.9
"משקה רויון 500 מ""ל."	9.9
משקה שבולת שועל אוטל	13.9
משקה שיבולת שועל  אל	15.9
משקה שיבולת שועל 1אי	16.5
משקה שיבולת שועל אלט	15.9
משקה שיבולת שועל בטע	15.9
משקה שיבולת שועל ווי	15.9
משקה שקדים אורגני VI	19.9
משקה שקדים טרי 1 ליט	15.9
"משקה שקדים לל""ס 1ליט"	15.9
משקל פריגת אשכוליות	10.9
משקל פריגת לימונענע	10.9
משקל פריגת ענבים 1.5	10.9
משקל פריגת ענבים 500	9.9
משקל פריגת תפוזים 1.	10.9
משקל פריגת תפוזים 50	9.9
"מתז לחיטוי עוצמתי 99.9% 750 מ""ל"	20.9
מתז לניקוי כללי ג'ט+	16.9
נ.ג. בינוני+פילטר בו	9.0
נאצוס הוטפופ מסעדות	23.5
נאצוס הוטפופ מקסיקני	23.5
נבטים סינים	7.9
נביעות בטעם אבטיח 1.5 ליטר	10.9
"נביעות שישייה 320 מ""ל"	20.9
נודלס בסגנון סיני פי	8.9
נודלס של מסעדות  412	19.9
נוזל כלים לימון	14.9
נוזל כלים סנו ספארק	14.9
נוזל כלים פיירי לימו	14.9
נוזל ממתיק דיאט סוכר	22.9
נוזל רצפות 1350 מל א	27.9
נוזל רצפות 1350 מל בייבי לאב TNX	27.9
נוטלה בי רדי שישיה 1	19.9
נוטלה ביסקויט 166 גר	21.9
נוטלה גו בייגלה מלוח	10.9
נורדיק מוגז פירות אפ	16.9
נטיפי ציפס בטעם שוקו	14.9
ניוקי 500 גרם.	13.9
ניוקי עם ערמונים 300 גרם	11.9
ניוקי תפוח אדמה 300 גרם	11.9
ניוקי תפוחי אדמה 3 צבעים 500 גרם	17.0
ניילון נצמד סנו זוג	14.9
ניילון נצמד עם מתקן	34.5
נייר אפייה 50 יח	9.9
נייר גלגול גדול +פיל	10.0
נייר טואלט לילי לבן	43.9
נייר טואלט לילי פסטל	43.9
נייר טואלט מולט 40 גלילים	44.9
נייר טואלט סופט 18 ג	43.8
נייר טואלט סופט 32 ג	38.9
נייר טואלט קלינקס לב	39.9
ניקוי כלים 24% 750 מ	17.9
ניקוי כללי אג'קס 2 ליטר-ירוק בריח לימון	27.9
ניקול מגבת נייר מגה	25.9
ניקול מגבת רב שימושית	26.9
נמס בכוס אקסטרה מרק	6.9
נמס בכוס טעם עוף אקס	6.9
ננסים בדצ מעדן קפוא	12.9
נסטלה מיקס מיני אריז	25.9
נסקפה משקה קפה קר מו	14.9
נסקפה קפוצ'ינו אגוזים	25.9
נענע ארוז	5.5
נענע שדות בעמק	5.5
נפולאון מוקצף 180 גרם	18.9
נפוליאון 16% שום שמי	17.9
נפוליאון 450 גרם בגב	32.9
נקטר אושן ספריי דיאט	16.9
נקטר אושן ספריי חמוצ	16.9
נקטר ספרינג לימונענע	8.9
נקטר ספרינג מנגו קרט	8.9
נקטר ספרינג עגבניות	8.9
נקטר ספרינג תפוחים ק	8.9
נקניק סלמי הרץ	34.9
נקניק סלמי קוניאק טי	36.9
נקניק תה מעושן +פסטר	39.9
נקניקיה מן הצומח זוג	37.9
נקניקיות אמריקאיות	40.9
נקניקיות ביס 380 גרם	17.9
נקניקיות וינר 800 גר	32.5
נקניקיות וינר זוגלוב	23.9
נקניקיות עוף       .	33.9
נקניקיות עוף 800 ג'	32.5
נקניקיות עוף זגלובק	19.9
נקניקיות פיקנטיות 40	20.9
נקניקיות פרגיות 300	19.9
נקניקיות קנקר	55.9
נקנקיות בוקוורסט הוד	32.9
נקסט לילך חפיסה	37.9
נקסט פיין ארוך חפיסה	37.9
נקסט ריסס קצר חפיסה	35.0
נר נשמה 26 שעות בפח	4.9
נר נשמה 48 שעות בזכו	4.9
נר נשמה בזכוכית לשבע	11.9
נשנושי קבנוס	18.9
נשנושים 300 גרם קוקטייל שומשום.	20.9
נשנושים איירביס בצל	16.9
נשנושים זעתר 260 גרם	20.9
נשנושים חטיף אפוי בט	20.9
נשנושים פלוס חטיף עג	20.9
נשנושים קרקר משולש ש	20.9
נתח פילה סלמון קפוא	110.0
נתחי טונה בשמן ויליפ	25.9
נתחי פילה סלמון בואק	127.5
סאוור מדנס סוכריות  חמוצות	14.9
סאוור מדנס סוכריות ח	14.9
"סאן בנדטו 6*500 מ""ל"	16.9
סאפה אלוורה טעם ענבים 1ל	17.5
סאפה אלוורה מלון בקב	10.5
סבון כלים פלמוליב לי	14.9
סבון כלים פלמוליב קל	14.9
סבון לכלים פלמוליב 1 ליטר-לימון	19.9
סגל אדום חצי יבש 750	26.9
"סגל לבן יבש 750 מ""ל"	26.9
סודה בנגיעות אפרסק ב	5.9
סודה לימונדה 1 ליטר	7.2
סודה לשתייה 100 גרם	4.9
סודה נגיעות לימון בק	5.9
סודה קינלי 1.5ליטר	7.1
סודה שוופס 1.5 ליטר	5.0
סודה שוופס בקבוק 250	5.2
סודה שוופס לימון מאר	16.1
סודה שוופס רביעייה ב	16.1
סודה תפוח אפרסק 1 לי	7.2
סויה אלטרנטיב  ביו א	5.9
סויה אלטרנטיב  ביו מ	5.9
סויה אלטרנטיב  ביו פ	5.9
סויה אלטרנטיב  ביו ת	5.9
סוכר דמררה צנצנת סוג	17.9
סוכר וניל הנמל 1/10	3.9
סוכר לבן ארוז בשקית	6.5
סוכר לבן בצנצנת פלסט	12.9
סוכרה דיאט 100 שקיות	32.5
סוכריות M&M בוטנים 150 גרם	19.9
סוכריות M&M שוקולד 150 גרם	19.9
סוכריות בטעמי פירות	10.9
סוכריות בצורות	10.0
סוכריות הריבו האפי צ'רי	10.9
סוכריות וורטר אורגינל במילוי	14.5
סוכריות חמאה וורטרס	14.5
סוכריות טיק טק	6.9
סוכריות טיק טק מנטה	5.5
סוכריות טיק טק תות 1	5.5
סוכריות מאסט ללא סוכר 80 גרם ריבת חלב	11.5
סוכריות מאסט ללא סוכר 80 גרם תות אוכמניות	11.5
סוכריות מאסט ללא סוכר ממולאות בטעם דובדבן	11.5
סוכריות מאסט מנטה לל	11.5
סוכריות ממולא שוקולד סמרטיס	5.9
סוכריות מנטוס מנטה ג	6.9
סוכריות מנטוס פירות	6.9
סוכריות מנטוס ריינבא	6.9
סוכריות מנטוס תות גל	6.9
סוכריות סקיטלס ג'יינט סאוור	16.9
סוכריות סקיטלס ג'יינט פירות	16.9
סוכריות על מקל בייבי	3.5
סוכריות קישוט	9.9
סוכרייה לקקן לב קטן	3.5
סוכרלוז מרמולייט 150 טבליות	39.9
סולת 1 ק'ג	9.9
סורבה פינה קולדה 500	26.5
סורבה פרי תשוקה 500	26.5
סחוג	20.9
סחוג אדום חריף	14.9
סחוג ירוק בצנצנת 150	14.9
סט לניקוי אסלות מעוצ	22.9
סטארבקס פרפוצינו מוק	17.5
סטארקיסט טונה בשמן ז	24.9
סטייק בורגר זוגלובק	28.9
"סטייק צ'יפס 1.5 ק""ג"	35.9
סטלה ארטואה בקבוק 6*	46.9
סיגריות PPמרלבורו רד	44.5
סיגריות אל די סופרסל	36.0
סיגריות אל.די סלימס	36.0
סיגריות ווג ליידי כח	47.9
סיגריות ווג ליידי לי	47.9
סיגריות ווינסטון קומ	36.9
סיגריות וינסטון סלימ	41.9
סיגריות וינסטון קוד	39.9
סיגריות וינסטון קומפ	37.9
סיגריות טיים 100  רד	38.9
סיגריות טיים רד חפיס	38.9
סיגריות כאמל כחול חפ	40.5
סיגריות כאמל צהוב בו	40.5
סיגריות ל.מ בלוPP חפ	40.5
סיגריות ל.מ וייבPP ח	40.5
סיגריות מרלבורו גולד	44.5
סיגריות מרלבורו טאץP	40.5
סיגריות מרלבורו פיוז	38.0
סיגריות מרלבורו פיין	40.5
סיגריות נקסט אדג בוד	35.0
סיגריות נקסט אוריגינ	37.9
סיגריות נקסט פיין אד	35.0
סיגריות נקסט פיין חפ	37.9
סיגריות נקסט ריסס 10	35.0
סיגריות פאל מאל דמי	35.0
סיגריות פאל מאל טיוב	39.0
סיגריות פאל מאל כחול	39.0
סיגריות פאל מאל סילב	35.0
סיגריות פאל מל ארוך	39.0
סיגריות פאל מל כחול	39.0
סיגריות פאל מל סלימס	39.0
סיגריות פרלמנט בלו 1	49.5
סיגריות פרלמנט בלוPP	49.5
סיגריות פרלמנט נייטP	49.5
סיגריות פרלמנט סופר	49.5
סילאן טבעי לחיץ 500	23.9
סילאן לחיץ טבעי  כנר	23.5
סילאן לחיץ יד מרדכי	19.9
סיליט באנג ספריי	18.5
סימפוניה 5% שומן 200 גרם פלפל שיפקה חריף.	13.9
סירופ דיאט ענבים יכי	15.9
"סירופ מייפל 189 מ""ל שקדיה"	27.9
סכיני גילט חמישיה	9.9
סלט אבוקדו 250גרם	23.9
סלט איקרה לבנה 250 ג	25.9
סלט המושבה 450 גרם	13.9
סלט חומוס אחלה 400 ג	12.9
סלט חומוס וזעתר	14.9
סלט חומוס וחריף	14.9
סלט חומוס וטחינה	14.9
סלט חציל בטעם כבד  א	12.9
סלט חצילים אחלה 500 גרם	18.9
סלט חצילים במיונז	18.9
סלט טונה עם קוסקוס- 150 גרם	18.9
סלט טורקי אחלה 400 גרם	18.9
סלט טחינה יום יום אחלה 125 גרם	6.9
סלט קולסלאו 400 גרם	12.9
סלט תפוא במיונז	16.9
סלטינות25	5.9
סלים דליס	16.9
סלמון מעושן פרוס 100 גרם	28.9
סלמי איטלקי מעושן 30	35.9
סלמי מעושן איטלקי 30	34.9
סלמי מעושן איטלקי דק	19.9
סלמי צרפתי	30.9
סלמי קוניאק דק דק דק	19.9
סלמי תה משובח 300 גר	31.9
סלסולי פסטרמה דבש 12	21.9
סלק וואקום 500 גרם	12.9
סלק מקולף בוואקום 50	12.9
סלק עלים (מנגולד) אר	6.9
סלק רצועות  מונטה קר	17.9
סלרי חתוך ארוז	7.9
סלרי עלים ארוז	9.9
סלרי עלים שדות בעמק	8.9
סלרי ראש ארוז	6.9
סמוזי אגס נטורה נובה	7.5
סמוזי פירות אדומים נ	7.5
סמוזי תפוח נטורה נוב	7.5
סן פלגרינו 1 ליטר בק	11.9
סן פלגרינו מים מינרל	12.9
"סנו ג'ט + לניקוי אסלות 750 מ""ל"	15.9
סנו ג'ט ניקוי כללי ורצפות 1.5 ל'+חומץ	16.9
סנו גט פלוס לניקוי כ	16.9
סנו מקסימה קפסולות ל	42.9
סנו פרש הום מלון מפנ	17.9
סנוקליר חלונות 1 ליט	15.9
סניידרס  שברי בייגלה	22.5
סניידרס דבש חרדל ובצ	22.5
ספגטי ברילה מס 3  50	10.9
ספגטי ברילה מס 7 500	10.9
ספוג הפלא נירוסטה	14.9
ספוג נעליים בפעולה אחת שחור	23.9
ספוג קרצוף ארוך שלישייה	12.9
ספוגיות הפלא 10 יח T	14.9
ספיד סטיק אקסטרים 50	25.5
ספלנדיד שוקולד חלב מקורמל	17.9
"ספריי לניקוי חלונות ומשטחים 750 מ""ל - ווינדוליין"	12.9
"ספריי לניקוי עוצמתי מכיל אקונומיקה 750 מ""ל - סיליט באנג"	18.5
"ספריי סיליט מסיר כתמי עובש וטחב 750 מ""ל"	20.9
ספרייט 1.5 ליטר	10.5
ספרייט ZERO ליטר 1	9.1
ספרייט זירו בטעם לימון נענע 1.5ליטר	10.5
ספרייט זירו בקבוק 1.	10.2
ספרייט זירו פחית סלי	7.9
ספרייט ליים 1 ליטר	9.1
ספרייט לימון בקבוק 1	10.2
סקוטש ברייט גליל ניירות דביקים	18.9
סקי יום יום 5% 125 גרם.	4.1
סקי תות 3% 125 גרם	5.5
סקיני פסטה אטריות פט	15.9
סרדין בשמן צמחי חריף	8.9
סרדין רוברט בשמן זית	12.9
סרדינים בשמן צמחי 11	8.9
סרוולד בסגנון צרפתי	41.9
סרוולד קלאסי זוגלוב	32.9
עגבניות איטלקיות מרוסקות טעם הטבע	8.9
עגבניות חתוכות דק בל	24.9
עגבניות מרוסקות   POLPA  MUTTI	6.9
עגבניות קצוצות עם בזיליקום יכין 240 גרם	7.9
עדשים אדומות סוגת 50	10.9
עדשים חומות טעם הטבע	8.9
עדשים ירוקות מבושלות 800	25.5
עוגה ג'ינגי בציפוי פ	50.9
עוגיות אוראו בציפוי	23.9
עוגיות אוראו בראוניז 176 גרם.	13.9
עוגיות אוראו דאבל קרם 170 גרם	12.9
עוגיות בראוניס	13.9
עוגיות גודיס טבעות מ	12.9
עוגיות גן חיות בטעם וניל אסם	10.9
עוגיות הפסקת קפה חיט	15.9
עוגיות חיוכים וניל 150 גרם.	8.5
עוגיות חיוכים וניל 600גר.	24.9
עוגיות חיוכים שוקו 1	8.5
עוגיות חיוכים שוקו 600גר.	24.9
עוגיות חמאה סנדוויץ מילוי טעם וניל	13.9
עוגיות חמאה סנדוויץ מילוי טעם שוקולד	13.9
עוגיות חמאה קינדריני	26.9
עוגיות חמוציות פיטנס	16.9
עוגיות מזרחיות עבאדי	21.9
עוגיות מילקה סנסיישן	18.9
עוגיות מילקה שוקומיני 150 גרם	18.9
עוגיות סנדוויץ בטעם	13.9
עוגיות פח 350 ג וילי	17.9
עוגיות פרימיום 200-3	29.9
עוגיות ריינבו  מרבה	13.9
עוגיות שוקולד מריר פיטנס	16.9
עוגיות שוקולד ציפס 175 גרם	13.9
עוגיות שוקולד ציפס מ	13.9
עוגיות שוקולד ציפס נ	13.9
עוגיות שוקולד ציפס פיטנס	16.9
עוגיות שוקוצ'יפס אסם ממולאות	15.9
עוגיות שוקוציפס מרבה	13.9
עוגת בוואריה 95 גרם	9.9
עוגת גבינה פירורים 9	9.9
עוגת גבינה פירורים לייט 78 גרם	9.9
עוגת הבית אסם שמרים שוקולד קלאסית	22.9
עוגת הבית בראוניס טעם פאד'ג	22.9
עוגת הבית דמקה שוקו וניל	18.9
עוגת הבית סופלה בטעם שוקו וניל	18.9
עוגת הבית סופלה בטעם שוקולד	18.9
עוגת הבית שוקו שוקוצ'יפס	18.9
עוגת מילקי CAKE אישי	4.2
עלי בייבי 120 גרם טע	12.9
עלי גפן ממולאים באור	18.9
עלי דפנה בשקית 20 גר	9.5
עלי טורטיה 5 דגנים מאסטר שף 320 גרם	13.9
עלי טורטיה מקמח לבן מאסטר שף  756 גרם	22.5
עלי טורטיה עם קמח תי	17.9
עלי טורטיה קמח לבן 3	13.9
עלי טורטייה מקמח לבן	18.9
עלי טורטייה מקמח מלא	18.9
עלי רוקט 150 גרם  טע	12.9
עלים לקרמשניט 400 גרם	18.9
עלים לקרמשניט בונומי	21.9
עלית הארק 40% בקבוק	74.9
עסיס לימונענע דיאט 1	22.9
עסיס מיץ לימון משומר	12.9
עץ הזית שמן חמניות ב	19.9
ערגליות שוקו 300גרם	14.9
ערגליות תות  300גרם	14.9
ערמונים קלויים	8.5
פאוץ פרינוק לפתן פיר	7.5
פאוץ פרינוק סלט פירו	7.5
פאוץ פרינוק פירות טר	7.5
פאל מאל ברי דמי סלימ	35.0
פאנטה ZERO אורנג 1.5	10.9
פאנטה אורנג בקבוק 1.	10.9
פאנטה אורנג בקבוק 50	9.4
פאנטה אורנג' בטעם תפ	27.9
"פאנטה אורנג' פחית 330 מ""ל"	7.9
פאנטה אקזוטי 1.5 ליטר	10.9
פאנטה תות 1.5 ליטר	10.9
פאקא שמרים יבשים 500	17.5
פדים להסרת איפור 140 יח	19.9
פודינג ט.פאי גב.לימון75ג	6.9
פוטטו אליטה	18.9
פול ירוק קפוא 800 גרם סנפרוסט	32.9
פול מצרי 560 גרם A2	12.9
פולי סויה קפואים 454 גרם	12.9
פולפה כפרית עגבניות חתוכות דק יכין 690 גרם	15.9
פוף אפוי לבבות  גבינה 40 גרם	6.9
פוף כוכבים שמנת בצל	6.9
פופקו חמאה ודבש 80גר	8.9
פופקורן לייט טבעי הו	19.9
פופקורן סוגת 500 גרם	7.9
פופקורן עם חמאה הוטפ	19.9
פופקורן עם מלח הוטפו	19.9
פופקורן פופסטאר חמאה מופחת שומן.	21.9
פופקורן פופסטאר טבעי	20.9
פטאקי 250 גרם	24.9
פטה עיזים מעודנת 16% 200 גרם	36.9
פטרוזליה שדות בעמק	5.5
פטריות חתוכות שמפניו	6.9
פטריות כללי (לבן)	10.9
פטריות מלך היער מרינ	18.9
פטריות שימאגי לבנות	18.9
פטריות שמפיניון  יחי	10.9
פטריות שמפניון צמד ח	22.9
פטריות שמפניון שלמות	10.5
פיוז טי תה קר בטעם א	10.1
פיטנס בר פריכיות שוקולד חלב	19.9
פיטנס בר פריכיות שוקולד לבן	19.9
פיטנס גרנולה חמוציות	17.9
פיטנס פריכיות 3 דגני	15.9
פיטנס פריכיות דקות מ	16.9
פיטנס פריכיות דקות קינואה	15.9
פיטנס קרקר THIN כפרי	14.9
פיטנס קרקר THIN רוזמ	14.9
פיטנס קרקר דק בטטה 1	14.9
פיטנס קרקר דק זיתי ק	14.9
פיטנס קרקר דק כוסמין	16.0
פיטנס קרקר דק סלק 14	14.9
"פיירי פלטינום 515 מ""ל אורגינל החדש"	14.9
פילדלפיה 120 גרם	18.9
פילה אמנון ללא עור 1	49.9
פילה אמנון קפוא 5-7	43.9
פילה דג הרינג מלוח מצונן 250ג'	20.9
פילה דג סלמון מעושן	27.5
פילה דג פורל מלוח פר	27.5
פילה סלמון מעון פרוס מצונן 100 גרם	30.5
פילה פורל מעושן פרוס מצונן 100 גרם	30.5
פילטר סילוור סטאר 6	5.0
פינוק 2 ב1 רגיל 700	17.9
פינוק 3 ב1 לגבר 2021	17.9
פינוק לגבר 3ב1 ספורט	17.9
פינוק מרכך שיער יבש	17.9
פינוק שמפו שיער רגיל	17.9
פינוק שמפו שמן מרוקא	17.9
פינוק תחליב רחצה לבנ	16.9
פינוק תחליב רחצה מרו	16.9
פינוק תחליב רחצה קלא	16.9
פיניש מלח למדיח	22.9
פיניש קוואנטום 30 יח	49.9
פיסגה אקונומיקה ריחנ	15.9
פיראוס גבינה חמד ליי	25.3
פיראוס לאבנה שמן זית	18.9
פיראוס עזים טבעי 225	20.9
פירורי גריסיני 200 גרם מאיר בייגל.	9.9
פירורי לחם 200ג סוגת	4.9
פירורי לחם 500ג.	8.9
פירורי לחם יפנים פנק	11.9
פירורית זהב אסם 350 גרם	14.9
פירמידת זעתר 60 גרם	20.5
פיתה ארטיזן 8 יחידות	18.9
פיתה מחמצת 10 יחידות300ג	20.5
פיתה100% כוסמין 50*8 גרם	19.9
פיתות ביס 12יח' 600גרם	18.9
פיתות כוסמין %100	19.9
פיתות כוסמין אנגל שמ	19.9
פיתות כוסמין לבן 400	19.9
פיתות100% כוסמין 50*6 גר	19.9
פלופאק לנ.רצפות פלאו	16.9
פלופאק לנ.רצפות פרש וויט 10 יח' TNX	16.9
פלמוליב ג'ל רחצה נטו	27.9
פלמוליב סבון גוף וול	27.9
פלמוליב סבון ידיים ח	15.9
פלפל חריף 640גרם SER	17.9
פלפל צ'ומה תבליני בי	18.8
פלפל צ'לי	12.9
פלפל שחור גרוס דק דק	18.9
פלפל שחור גרוס מיכל	15.9
פלפל שחור טחון 100 ג	16.9
פלפלים אדומים קלויים	15.9
פנטן שמפו קלאסי 600	23.9
פנקייק אמריקאי מוכן	27.0
פס טעים צבעוני 40 גר	3.5
פסטה אסם לבבות	8.9
פסטה אסם מקרוני 500ג'	7.9
פסטה אסם צדפים גדולים 500ג'	7.9
פסטה אסם תלתלים 500ג'	7.9
פסטה ברילה גירנדולה	10.9
פסטה ברילה טורטיליונ	10.9
פסטה ברילה טליאטלה 5	32.9
פסטה ברילה פנה רגטה	10.9
פסטה ברילה פרפלה מס	10.9
פסטה ברילה פרפנדלה	23.9
פסטה ברילה קונציליה	10.9
פסטה עם גבינה 156 גר	14.9
פסטה פוזלי ליגורי 50	11.9
פסטה פנה ריגטה ליגור	11.9
פסטרמה איטלקית 3.5%	38.9
פסטרמה בדבש 400 גרם	38.9
פסטרמה בדבש דק דק 12	17.9
פסטרמה בדבש זוגלובק	18.9
פסטרמה ברביקיו 1.5%	38.9
פסטרמה ברביקיו זוגלו	18.9
פסטרמה גחלים  דק דק	19.9
פסטרמה הודו בדבש טהו	38.9
פסטרמה הודו גחלים 2%	39.9
פסטרמה הודו צלויה על	36.9
פסטרמה חזה הודו מעוש	19.9
פסטרמה עגל רומנית 12	24.9
פסטרמה שום וצ'לי 400	38.9
פסטרמה של פעם - 200	30.9
פסק זמן ביג ביט	7.9
פסק זמן קלסיק מגדים4	7.9
פפסי זירו 1.5 ליטר	9.5
פפסי קולה בקבוק 500	7.9
פקאן טבעי 100 גרם פי	16.5
פקאן סיני 100 גרם פי	18.5
פקורינו פרוס  מחלבות	29.9
פרוסות גאודה הולנדית	29.9
פרוסות גאודה עיזים	35.9
פרוסות גאודה עמק 200	27.9
פרוסות מוצרלה פיראוס	22.9
פרוסות נקניק ברביקיו	17.0
פרורי לחם פנקו	8.9
פרושוטו בקר 100 גרם	40.9
פריגת אפרסק 1.5 ליטר	10.9
פריגת אשכוליות דיאט 1.5 ליטר	10.9
פריגת בטעם טרופי 1.5 ליטר	10.9
פריגת בטעם קרטיב פטל 1.5 ליטר	10.9
פריגת מנגו 1.5 ליטר	10.9
פריגת סחוט תפוזים קל	12.8
פריגת צלול אננס 1.5 ליטר	10.9
פריגת צלול ענבים 1.5 ליטר	10.9
פריגת קרטוניות בטעם	18.9
פריגת תות בננה 1.5 ליטר	10.9
פרייה מים מינרלים פל	10.5
פריכוז יכין 100 גרם	4.4
פריכונים אסם ללא מלח	10.9
פריכיות 5 דגנים עם ש	11.9
פריכיות אורז מלא מצו	9.9
פריכיות טעימות 3 דגנ	14.9
פריכיות טעימות תירס	14.9
פריכיות משולשות בצל	6.5
פריכיות מתפוח אדמה א	6.5
פריכיות תירס אורגניו	18.9
פריכיות תירס טעם טבע	18.9
פרינגלס אורגינל 149	14.9
פרינגלס פיצה 158 גרם	16.9
פריניב מיץ תפוזים 1	18.9
פרלמנט נייט 100PP חפ	49.5
פרלמנט סוהו חפיסה	41.5
פרמז'נו משולש	20.9
פרמזן פלח 200 גר	33.5
פרנץ טוסט פרוס בסגנו	20.9
פרסיל גל ירוק 2.5 לי	41.9
פרסיל גל קולור 2.5 ל	41.9
פרפקטו פסטה קונצ'ילי	19.9
פררו רושה שלישייה	10.9
פרש וואנס רביעייה מג	23.5
פתי בר אסם דובי שוקולד	16.9
פתי בר אסם פינוקי שוקו	16.9
פתי בר אסם פינוקים שחור לבן	16.9
פתיבר פחות סוכר 500	17.9
פתית 6 דגנים 250 גרם.	24.9
פתית חיטה מלאה 250 גרם.	24.9
פתית שוודי 300 גרם	24.9
פתיתי מוצרלה 22% השף	23.3
פתיתי עמק בשקית 200	21.2
פתיתי עמק למאפים 28%	44.9
פתיתי פרמזן לפסטה הש	16.9
פתיתי קוסקוס אסם ישראלי 350ג'	10.0
פתיתים אפויים טבעות אסם	10.0
פתיתים לפיצה שף לבן 500 גרם.	29.9
"צ""ילי כתוש חריף 30 ג"	10.5
צ'ונגו פופקורן- מיני שניצל מצופה	45.9
צ'יפס למיקרו במארז 3 יח'	20.9
צבע מאכל	5.0
צבר חומוס 400גרם	14.9
צבר חומוס אבו מרוואן	19.9
צבר חומוס מסעדה 700ג	16.9
צבר חומוס סמיר הגדול	19.9
צבר חומוס עם טחינה 4	17.9
צבר חומוסטחינה 400גר	19.9
צבר חציל במיונז מרוב	17.9
צבר חציל על האש בטחי	17.9
צבר חציל על האש היתר	20.5
צבר טחינה מרובע 400ג	17.9
צבר כרוב אדום מרובע	17.9
צבר מטבוחה חריפה מרו	17.9
צבר סלט טחינה לבנה 400ג'	20.5
צבר סלט מטבוחה 400ג'	17.9
ציו בייגלה מקלות תפו	5.9
ציטוס פאף 55 גרם	6.9
"ציטוס צ'דר 65 גר' ""ע"	6.9
צילי מקסיקני 80 גרם	18.9
צילי מתוק 300 גרם	11.9
ציפס משפחתי 800 גרם	19.9
צלחות 1ק'ג	23.9
צלחות גדולות קנה סוכר	13.9
צלחות גדולות25	8.9
"צלחות ענקיות חד""פ ""ה"	9.9
צלחות ענקיות קנה סוכר 25 יח	13.9
"צלחות קטנות חד""פ ""הנ"	7.9
צלחות קטנות קנה סוכר	9.9
צמד כפרי פסטרמה סלמי	38.9
צמד פטריות מרינה	19.9
צמר גפן מתוק עשוי סיבים תזונתיים	6.5
צמר גפן עננים 100 גרם	11.9
צנובר 100 גרם פיצוחי	26.9
צנונית ארוזה	7.9
צנונית יחידה	7.9
צעצוע פופ לטס עם סוכ	9.9
צריוס האני נאט פרווה	29.9
קבנוס 120 גרם	17.9
קבנוס 135 גרם	15.9
קבנוס חריף מעושן 120	17.9
קבנוס פפרוני קלאסי 1	19.9
קבנוס קלאסי 125 גרם	19.9
קוביות בולגרית 5% פיראוס	30.9
קוביות בטטה קלופות מוקפא	24.9
קוביות סלק אחלה 400 גרם	18.9
קוביות עגבניות	7.9
קוביות עגבניות יכין	12.9
קוביות פטה עיזים מעו	38.9
קוואטרו פורמאגי 300ג	36.9
קווקר בשקית.	12.9
קוטג 1% תנובה 250 גר	6.7
קוטג 12% 250 גרם	7.7
קוטג 3% תנובה 250 גר	6.7
קוטג 5% זיתים 250 גר	7.7
קוטג 5% סקי 250 גרם	7.2
קוטג 5% עם שום שמיר	7.7
קוטג 5% תנובה 250 גר	6.7
קוטג 9% תנובה 250 גר	6.7
קוטג מועשר 5% טרה 25	7.0
קוטג' 5% בקטנה 100 גרם מהדרין	3.9
קולגייט אדומה הגנה מ	13.9
"קולגייט טוטאל משחת שיניים פסים מרעננים לפה בריא יותר 100 מ""ל"	22.9
קולגייט מברשת 360 של	31.9
קולגייט מי פה פלאקס	29.9
קולגייט משחת שיניים טוטאל הגנה פעילה אוריג'ינל 100 מל	22.9
קולה ZERO נטול 1.5 ל	10.5
קולה זירו 1 ליטר	9.1
קולה זירו 1.5 ליטר	10.5
קולה זירו לימון 1.5ליטר	10.5
קולון ג'ל 4 ליטר רגיל כחול	43.9
קולסלאו אחלה 500 גרם	18.9
קונפיטורה משמש 340 ג	19.9
קונפיטורה תות 340 גר	19.9
קונפיטורת אוכמניות כחולות ודומדמניות יד מרדכי	19.9
קוסקוס דק בשקית.	7.9
קוסקוס עבה בשקית 350 גר.	7.9
קוסקוס רגיל בשקית 350 גר.	7.9
קוף משוגע סוכריות	16.0
קופסא ל.מ. קליק קפסו	36.0
קופסאת מסטיק מאסט באבלמינט	13.5
קופסאת מסטיק מאסט בזוקה ענבים	13.5
קופסה ברודווי ארוך	40.0
קופסה גולף גולד ארוך	39.9
קופסה מונטנה	39.9
קוקה קולה 1 ליטר	9.1
קוקה קולה בקבוק 500	9.4
קוקה קולה דיאט פחית	7.9
קוקה קולה זירו	9.4
קוקה קולה זירו בקבוק	10.2
קוקה קולה זירו מארז	27.9
קוקה קולה זירו פחית	7.9
קוקה קולה מארז שישיי	27.9
קוקה קולה פחית סליק	7.9
קוקה קולה שישייה       1.5 ליטר	52.5
קוקה-קולה 1 ליטר	9.5
קוקהנומיקה בריח לבנד	14.9
קוקומן חום לבן 20% מ	28.9
קוקומן כדורים 375 גר	28.9
קוקוס 200 גרם השף אל	11.9
קוקטייל זיתים בית הש	16.8
קוקילידה 80 גרם	14.9
קורנדביף 120 גרם	24.9
קורני ביג ביג שוקו בננה	7.9
קורני בייס שוק בננה	19.9
קורנית מבושמת	6.9
קורנית שדות בעמק	8.9
קורנפלקס בנגיעות דבש	24.9
קורנפלקס תלמה 850 גר	22.9
קטשופ היינץ 50/50	15.9
קטשופ היינץ 700 גרם	18.9
קטשופ היינץ חריף 460 גרם	15.9
קטשופ היינץ מופחת סוכר	15.9
קיבלר קרקר גבינת צדר	3.9
קיבלר קרקר קלאב צדר	3.9
קיבלר קרקר שמינייה ג	31.9
קייגון תיבול מיכל	13.9
קינדר בואנו לבן שליש	17.9
קינדר בואנו קלאסי של	17.9
קינדר דליס עשיריה	31.9
קינדר הפי היפו קקאו	21.9
קינדר הפי מומנטס 161	27.9
קינדר סופרייז נטונס	19.9
קינדר קאונטרי רביעיה	12.9
קינדר קארדס 25.6 גרם	5.9
קינדר שוקולד מיני	17.9
קינדר שוקולד מקסי 12	17.9
קינואה אדומה	21.9
קינואה מעורבת (טריקולור)אורגנית 500 גר'-הרדוף	23.9
קינואה סוגת 500 גרם	20.9
קינלי סודה 1.5 ליטר	9.9
קינמון טחון 40 גרם	7.9
קיסמי מלחיה 300 יח	6.9
"קלחוני תירס 1 ק""ג"	27.5
קליה אוקסי ספריי	19.9
קליליות ילדים 30 ג	12.9
קליליות מרובה דגנים	14.9
קלינקס לושן 75 - 3 ש	13.9
קליק אין במילוי קרם חלבי	7.5
קליק כריות 65 גרם	9.9
קליק עוגי חדש 65 גרם.	9.9
קליק קורנפלקס ופצפוצים85	9.5
קליק שקית  כדורים חל	9.9
קליק שקית  מעורב חום	9.9
קליק שקית ביסקוויט 6	9.9
קליק שקית קורנפלקס 6	9.9
קמח  שמרים רב תכליתי	12.9
קמח חומוס דגש 500 גר	20.9
"קמח חיטה לבן מנופה """	10.9
קמח חלה ללא ניפוי 1ק	13.9
קמח כוסמין לבן ללא צ	19.9
קמח לבן ללא ניפוי 1	13.9
קמח לחם.	9.9
קמח רב תכליתי.	11.5
קמח שקד קלוף 300 גר	32.9
קמח תופח 1 קג סוגת	10.9
קמח תופח ללא ניפוי 1	13.9
קמח תופח מנופה טחנת	11.9
קמח תירס 500 גרם	10.9
קנור מרק נמס בכוס יר	10.9
קנור פירה ביתי 50 גר	8.9
קערה למרק מקנה סוכר	13.9
קפה טורקי עלית שקית	9.9
קפה טייסטרס צוייס 20	39.9
קפה טייסטרס צוייס נט	54.9
קפה יטבתה בקבוק 1 לי	14.2
קפה לנדוור 100 גרם	12.9
קפה לנדוור טחון לבוק	12.9
קפה נמס וניל 200 גר חדש	35.9
קפה נמס מגורען טסטר	49.9
קפה נמס מגורען רד מא	31.9
קפה נמס עלית פחית 20	25.9
קפה עם הל 100 גרם	12.9
קפה פלטינום קצב ברזי	37.9
קפה קלוי וטחון עם הל	22.9
קפה תורכי נחלה 250 ג	22.9
קפסולות ג'ל לכביסה מקסימה 40 יח' סופט סילק	41.9
קפסולות למדיח פיניש אולטימייט פלוס 50 יח' בניחוח לימון	69.9
קפסולות למכונות נספרסו בטעם וניל	22.9
קפסולות למכונות נספרסו פסק זמן	22.9
קפסולות סטארבקס איטליאן סטייל רוסט	25.9
קפסולות קפה עלית 07	22.9
קפסולות קפה עלית 09	22.9
קפסולות קפה עלית 10	22.9
קפסולות קפה עלית 14	22.9
קפסולות קפה עלית 15	22.9
קפריס רולס קלאסיק 11	13.9
קציצות בקר ישרל'ה סי	36.9
קצף לניקוי כללי אורנים	20.9
קצף ניקוי JAVEL מרסס	19.9
קצפת צמחית 21%  250	9.9
"קצפת צמחית השף הלבן 500 מ""ל."	18.9
קצפת ריץ חלבי במיכל	18.9
קצקבל פלח 200 גר	34.9
קקאו עלית 500 גרם	39.9
קראנץ מהדורה מיוחדת	14.9
קראנץ סנדוויץ וופל ק	14.9
קראנץ סנדוויץ שוקולד	14.9
קראנץ צדפים בטעם שוקולד	29.9
קרוטונים מתובלים למר	26.9
קרחון דובדבן	3.5
קרחון לימון כלפ.48*8	3.5
קרחון מלון - צבע מאכ	3.5
קריספי סטיקס תירס 50	30.9
קרם קוקוס 250 מל	14.9
קרם קרקר דל נתרן אסם 250ג'	13.9
קרמיסימו פרווה שוקו	28.9
קרמל טורטינה 1/6 שוקולד	30.9
קרקר כוסמין מלא אורג	26.9
קרקר מקמח שקדים	24.9
קרקר מקמח שקדים מעוש	24.9
קרקר פשתן צ'ילי פיקנטי  125 גרם LESS & MORE	24.9
קשקבל נעם פתיחה חוזר	30.9
ראס אל חנות מיכל100	13.9
רב מגבת ג'מבו סנו סושי	22.9
רביולי בטטה פרווה 40	23.9
רביולי גבינה 400 גרם	24.9
רביעייה שוקולד מריר 400 גרם	29.9
רביעייה שייק פרי תות	14.9
רביעיית טונה בשמן זי	30.5
רביעיית מגבוני פרשוואנס NATURAL CARE	23.5
רביעיית מגבוני פרשוואנס SENSITIVE CARE	23.9
רביעיית מגבונים בייב	24.9
רביעית נתחי טונה בשמן קנולה 160 גרם	25.9
רבע לשבע אגוזים  160	16.9
רבע לשבע טורטית לבנה	16.9
רבע לשבע לבן 120 גרם	16.9
רבעייה שוקולד חלב 400 גרם	29.9
רבעיית טונה ויליפוד	25.9
רדיד אלומיניום זוג 1	14.9
רדיד אלומיניום זוג ק	16.5
רוזמרין שדות בעמק	8.9
"רוטב ""רק להוסיף"" בסי"	18.9
רוטב ארביאטה 400 גרם	16.9
רוטב בוטנים מאסטר שף	19.5
רוטב בולנז 260 גרם י	7.9
רוטב בלסמי מצומצם 18	19.9
רוטב טריאקי 370גרם	18.9
רוטב טריאקי מאסטר שף	14.9
"רוטב סויה 280 מ""ל"	13.9
"רוטב סויה 700מ""ל מאסטר שף"	18.5
"רוטב סויה בהירה 500 מ""ל"	14.9
"רוטב סויה בהירה מאסטר שף 300 מ""ל"	11.9
רוטב סויה ללא גלוטן500מל	19.9
רוטב סויה קיקומן ללא	27.9
רוטב סויה קנור 350 ג	15.9
רוטב עגבניות  יכין 1	3.5
רוטב עגבניות בזילקום לפסטה 350 גרם	16.9
רוטב עגבניות ובזילקום פרפקטו	16.9
רוטב עגבניות ופלפלים לשקשוקה 350ג'	16.9
רוטב עגבניות לבלונז פרפקטו	16.9
רוטב עגבניות לפיצה 350 גרם	16.9
רוטב עגבניות לפסטה י	14.9
רוטב עגבניות לצילי ק	18.9
רוטב עגבניות לקובה 400 גרם יכין	14.9
רוטב עגבניות מרוכז י	5.9
רוטב עגבניות קלאסי לפסטה 350 גרם	16.9
רוטב פטריות קנור 28	7.9
רוטב פיצה	7.9
רוטב פסטה ברילה בזיל	16.9
רוטב פסטה ברילה בטעם	16.9
רוטב פסטה ברילה נפול	16.9
רוטב פסטה ברילה פומו	16.9
רוטב פסטה לילדים 240 גרם יכין	7.9
"רוטב צ'ילי מתוק 700 מ""ל"	15.9
רוטב צ'ילי מתוק אסם	16.9
רוטב צדר ומוצרלה לפס	27.9
רוטב צילי מתוק מאסטר	18.9
רוטב צילי מתוק קנור	18.9
רוטב שום ודבש	18.9
רוטב שמנת 9%  עם פטר	14.5
רוטב שמנת קלאסי 260	14.5
רויון בקרטון 1 ליטר	13.9
"רטבים חריף 700 מ""ל אסיאתי מנה"	18.9
ריבועי בצק עלים 800	28.9
ריבת חלב 330 גרם נאמ	16.9
ריבת חלב הוואנה דולצ	25.9
ריו מארה טונה בשמן זית 3*65 גרם	31.9
ריזלא אדום	3.5
ריטר ספורט שוקולד חל	15.9
ריצפז דוחה תיקנים 2	23.9
ריצפז פלוס מטליות ענק לחות לרצפה דוחה תיקנים 10 יח'	19.9
ריצפז פרש מטליות לחות לרצפה מאסק 10 יחידות	14.9
רסק עגבניות 400גרם 28%	9.9
רסק עגבניות בלה איטל	12.9
רסק עגבניות טבעי יכין 100 גרם	4.9
רסק עגבניות פריכוז 2	7.9
רצועות פלפלים קלויים אחלה 400 גרם	18.9
שאבלי זאן פראנסוה פר	99.9
שוופס ביטר למון לייט 1.5 ל'	14.2
"שוופס ג""ינג""ר 1.5 ליטר"	14.2
שוופס מוגז לימונדה ו	10.9
שוופס מוגז לימונייד	10.9
שוופס מוגז עדין 1.5 ליטר עדין 1.5 ליטר אננס	10.9
שוופס מוגז עדין פירו	8.8
שוופס מוגז פירות ללא סוכר למונייד  1.5  ליטר	10.9
שוופס מוגז תפוחים ללא סוכר 1.5 ליטר	10.9
שוופס מי טוניק בקבוק	14.2
שוופס סודה בקבוק 1 ל	5.0
שוופס סודה לימון 1.5ליטר	5.9
שוופס סודה פירות יער	5.9
שוופס סודה שישייה 50	19.5
שוופס ראשן בקבוק 1.5	14.2
שוופס תות ליים מוגז 1.5 ליטר	10.9
שוופס תפוח מוגז 1.5 ליטר	10.9
שום גבישי	14.9
שום כתוש 250 גרם	18.9
שום קלוף	13.9
שומשום 200 גרם נאמן	8.9
שומשום סוגת 100 גרם	4.9
שומשום שחור 100 גרם	20.9
שומשום/בוטנים/קוקוס	3.5
"שוקו אייס קפה בבקבוק 340 מ""ל."	10.5
שוקו טרה מועשר בקבוק	15.5
שוקו יטבתה בקבוק 1 ל	14.2
שוקו יטבתה בשקית 225	2.9
שוקו יטבתה פקק ספורט	6.5
"שוקו שוק בקבוק 250 מ""ל."	8.7
שוקובו לבן 85 גרם	13.9
שוקובו שוקו 85 גרם	13.9
שוקולד במילוי תות	9.9
שוקולד חלב במילוי פי	49.9
שוקולד חלב ממולא קינ	12.9
שוקולד חלב עם אגוזים שלמים ריטר	17.9
שוקולד חלב שברי פיסט	13.9
שוקולד טורטינה 1/6 מריר	30.9
שוקולד לבן פרה 100 ג	9.9
שוקולד לינדור סטיק 38 גר	12.9
שוקולד לינדט אקסלנס	26.9
שוקולד מריר 60% שלישייה	18.5
שוקולד מריר 70% צוקטה 100 גרם	13.9
שוקולד מריר 85% צוקטה 100 גרם	13.9
שוקולד מריר טוסו 100	19.9
שוקולד ספלנדיד מריר	17.9
שוקולד פרה בטעם קפה	12.9
שוקולד פרה חלב 100 ג	9.9
שוקולד פרה חלב שברי	8.9
שוקולד פרה לבן עם עוגיות	8.9
שוקולד פרה מריר 100	9.9
שוקולד פרה מריר אגוז	9.9
שוקולד פרה פצפוצי או	9.9
שוקולד פרה קרם חלב 1	9.9
שוקולד ציפס אופנהיימ	14.9
שוקולד קינדר אצבעות	7.9
שוקולד קינדר אריזה ד	19.9
שוקולד ריזס חלב 42 ג	8.9
שוקולד ריטר ספורט חל	17.9
שוקולד ריטר ספורט מר	15.9
שוקולד ריטר ספורט נו	15.9
שוקולית 850 גרם	27.9
שוקולית MIX מנות אישיות	16.9
שוקולית עלית 500 גרם	19.9
שורש פטרוזיליה ארוז	8.9
שטיח חמוץ בטעם תות	3.5
שטראוס קרמיסימו עוגי	28.9
שיבולת שועל דקה 400 גרם.	9.9
שיבולת שועל עבה 400 גרם.	9.9
שיבולת שועל קוואקר פ	17.9
שיבולת שועל קוואקר ש	17.9
שיפודי במבוק הנמל 10	4.9
"שישיה נביעות ספורט 755 מ""ל"	23.4
שישיית בירה קורונה ב	47.9
שישיית סודה קינלי 1.5 ליטר	24.9
שלגון בשומן צמחי טעם	14.9
שלגון גומיגם	9.9
שלגון וניל מצופה תות	9.9
שלגון טעמקור  XL	11.9
שלגון מגנום לבן פיס	14.9
שלגון מגנום סנדוויץ	14.9
שלגון מגנום שוקולד ל	14.9
שלגון מגנום שקדים 85	14.9
שלגון מילקה עוגיות	14.9
שלגון מילקה עם ריפל	14.9
שלגון סולרו פירות טר	13.9
שלגון פסק זמן קראנץ	13.9
שלגון פצפצים	8.9
שלגון קראנץ וניל נוג	14.9
שלגון קראנץ ליבת נוג	14.9
שלגוני גלידל שמינייה חלבי.	39.9
"שלי אשל פיקוח 200 מ"""	1.97
"שלי גיל פיקוח 200 מ"""	1.76
שלישיה מטליות לחות ל	21.9
שלישייה סנובון לאסלה כחול	20.9
שלישיית ביצי שוקולד (חלב נוכרי)-הלו קיטי	16.9
שלישיית ביצי שוקולד(חלב נוכרי)-סמי הכבאי	16.9
שלישיית מטליות הפלא לניקוי כללי דקור סנו סושי	14.9
שלישיית עגבניות מרוס	27.9
שלישיית תירס קטן יכי	19.9
שמיניית קרחוני דיאט פרי אננס.	30.5
שמיניית קרחוני דיאט פרי פירות טרופים.	30.5
שמיר ארוז	5.5
שמיר שדות בעמק	5.5
שמן זית 2 קלאסי	37.9
שמן זית בקבוק לחיץ יד מרדכי	22.9
שמן זית ג'השאן כתית	44.9
שמן זית יד מרדכי ישר	55.9
שמן זית יד מרדכי קלא	55.9
שמן חמניות מילומור 1 ליטר	15.9
שמן קנולה מועשר בנוג	18.9
שמן קנולה מילומור 1	15.9
שמנת 15% תנובה פיקוח	2.81
שמנת 9%  תנובה 200 מ	5.2
שמנת יטבתה מעושרת 20	2.81
שמנת לבישול 10% מופח	10.9
שמנת לבישול 15%  250	10.9
שמנת לבישול 15% מהדר	9.9
שמנת לבישול 250 9% מ	9.9
שמנת להקצפה 32%  250	10.0
שמנת להקצפה השף הלבן	15.12
שמנת מתוקה עמידה 38%	7.56
שמנת עמידה לקצפת 38%	7.56
שמנת של פעם 27% תנוב	5.7
שמנת תנובה 15% חצי מ	3.5
שמפו נוזלי לכביסה טק	19.9
שמרים אקטיבים לעוגות	19.9
שמרים טריים בקוביה 25 גרם שימרית	4.9
שמרים יבשים שמרית 100ג'	9.9
שמרית + משפר אפיה 100 גרם	10.9
שמרית שקית 50 גרם	5.9
שניצל אמיתי ביתי מאמ	53.9
שניצל גונגל מאמא עוף	47.9
שניצל עוף אמיתי בציפ	53.9
שניצל עוף דק ענק קרי	47.9
שניצל עוף ותירס 750 גרם	50.9
שניצל עוף מיני דינוז	39.9
שניצל תירס זוגלובק טבע 1.25 קילו	47.9
שניצל תירס לייט	38.9
שניצל תירס מרכיבים ט	42.9
שניצל תירס קלאסי 750	35.9
שניצלונים מיני דק דק שומשום מאמאעוף	40.9
שניצלונים עוף טוב 60	22.9
שניצלונים שומשום	22.9
שעועית אדומה 380 טעם	8.9
שעועית אפויה במים יכ	12.9
שעועית טרייה בשקית	21.9
שעועית ירוקה חתוכה 3	12.9
שעועית ירוקה חתוכה 800 ג	27.9
שעועית ירוקה שלמה סנ	28.9
שעועית לבנה 500גרם	13.8
שעועית לבנה ברוטב עג	12.9
שעועית לבנה מבושלת ס	23.9
שעועית עדינה שלמה	29.9
שעועית צבעונית 500 גרם	15.9
שעועית שחורה 500 גרם	15.9
שעועית שחורה טעם הטבע	8.9
שקד טבעי 150 גרם	19.9
שקד מולבן פרוס 100 ג	14.5
שקדי מרק אסם 100ג'	7.5
שקדים בציפוי שוקולד חלב 180 גרם	22.9
שקדים מולבנים 100 גרם פרוסים	14.9
שקיות אוכל ניקול 300	18.9
שקיות אשפה 120 ל	14.9
שקיות אשפה 54*65 סנו	28.9
שקיות אשפה זוג 20 יח	29.5
שקיות אשפה לפחים קטנ	26.9
שקיות הקפאה	19.5
שקיות רב שימושיות סנו סושי 270 יח	17.9
שקית אשפה חזקה סנו	32.9
שקית רוכסן ריצרץ	15.9
שקשוקה חריפה רוטב עגבניות עם צילי	19.9
תב.פפריקה מתוקה בשמן	13.9
תבליין חוויג מרק 120 גרם	18.9
תבלין זעתר 100 גרם	13.9
תבלין טימין	12.9
תבלין כורכום   מיכל	13.9
תבלין כמון 100  גר	13.9
תבלין לדגים 120 גרם	18.9
תבלין לסטייק 120 גרם	18.9
תבלין לשווארמה	18.9
תבלין לשווארמה מיכל	13.9
תבלין פפריקה מתוקה 1	13.9
תבניות אלומניום עבה רוסטר 4 יחידות	12.9
תבנית 12 ביצים L - מ	14.09
תבנית קרטון אינגליש קייק 6 יח	9.9
תבנית קרטון משפחתית 3 יח	9.9
תבשיל אורז ספרדי אסם	14.9
תבשיל פסטה ברוטב פטריות מוקרם אסם	15.9
תה ארל גריי 1.5 גרם	19.9
תה חליטת קינמון וניל	24.9
תה טווינינג ארל גריי	22.9
תה ירוק יסמין 25 שקי	30.9
תה ירוק לימונית 50 שקיק	50.9
תה ירוק לימונית וגינ	30.9
תה ירוק לימונית ולוא	30.9
תה ירוק נענע 25 שקיק	30.9
תה ירוק עלי נענע 50 שקיק	50.9
תה ירוק קינמון ודבש	30.9
תה ירוק קלאסי 20 מעטפות	20.9
תה ירוק תפוז גינגר ו	30.9
תה ירוק תפוח וקינמון	30.5
תה נענע ויסוצקי  25	24.9
תה פומפדור נענע	21.9
תה קלאסיק  100שקיקים	22.9
תה קלאסיק 1.5 גרם	12.9
תה קלאסיק כחול 1 גרם	22.9
תה קר FUZE TEA אפרסק	9.3
תה שחור ברגמוט ארל גריי 100 מעטפות	37.9
תות מוקפא 300 גרם סנפרוסט	23.5
תחבושות אולוויז וליו	23.9
"תחליב רחצה כיף קוקוס וניל 700 מ""ל"	15.5
תחליב רחצה פינוק ורד ופרזיה	16.9
תחליב רחצה פינוק יסמין ופוליאנתס	16.9
תחליף מרגרינה נטורינה בשמן קוקוס	10.9
תחתיות ארטישוק 400 ג	27.9
תיבול לפיצה	13.9
תיבול לשניצל קלאסי 4	19.9
תיבול לתפוא  מיכל	13.9
תיבול על האש	13.9
תיבול על הבייגל	18.9
תיבולית קנור בזיליקו	13.9
תיבולית קנור הודי 72 גרם.	13.9
תיבולית קנור פיטריות 72 גרם.	13.9
תירוש של סגל 1 ליטר	22.9
תירס גמדי במי מלח בית השיטה 230 גרם	13.9
תירס גמדי שלם 410 גר	9.9
תירס גרעינים יכין  3	9.9
תירס גרעינים מתוק יכ	12.9
תירס ילדים יכין 400	9.9
תירס לייט OZ6 שלשות יכין	19.9
תירס לייט גרעינים יכ	12.9
תירס לייט יכין 400 ג	9.9
תירס מהשדה יכין 400 ג' 12OZ	9.9
תירס מהשדה ללס יכין	12.9
תירס קיד עם ויטמינים	12.9
תלמה דליפקאן 400 גרם	27.9
תלמה כריות נוגט 686	36.9
תמצית אפייה בטעם רום	4.9
תמצית וניל טהור וטקי	35.9
תמצית לאפיה וניל	5.9
תמצית שקדים טהור	30.9
תנובה GO אייס קפה 34	11.5
תנובה חמאה 200 גרם	10.9
תערובת אגוזים וחמוצי	17.9
תערובת גרנולה דניאל	36.9
תערובת להכנת עוגת שו	23.9
תערובת להכנת פנקייקס	23.9
תערובת לעוגת בראוניס	23.9
תערובת לעוגת וניל	23.9
תערובת לעוגת שיש	23.9
תערובת לציפוי נאגטס מאסטר שף 250 גרם	10.9
תערובת תיבול לפרגיות	13.9
תערובת תיבול סומק מי	10.5
תפוגן אמריקן ציפס 1.	35.9
תפוגן ציפס לתנור 1.5	34.9
תפוגן קריספי ציפס פוטטוס	32.9
תפוגן קריספי ציפס קל	32.9
תפוז דם	14.9
תפוח אדמה אדום ארוז	69.0
תפוח אדמה לבן גורמה	12.9
תפוח אדמה למיקרו יחידה	9.9
תפוציפס טעם שמנת ובצ	6.9
תפוציפס מלוח 200 גרם	13.9
תפוציפס מלוח 50 גרם	6.9
תפוציפס פופס 60 גרם	6.9
תפוציפס קראנץ	6.9
תפוציפס קראנץ גריל	6.9
תפוציפס קראנץ טבעי 2	13.9
תפוציפס שמנת בצל200	13.9
תרד בייבי 200 גרם טע	12.9
תרכיז עגבניות בשפורפ	12.9
תרכיז עגבניות פריכוז	13.9
תרסיס בדין ורוד למיבש500	22.9
תרסיס סנו ז'אוול קצף ניקוי	19.9
תרסיס סנו ז'אוול קצף ניקוי בניחוח פריחה לבנה	19.9
"תרסיס שמן זית 150 מ"""	23.9
תרסיס שמן קנולה 200	19.9
תשיעיית סקוטש ברייט	17.9
